"Title","SMILES"
"39076-1","CCC[C@H]1CNCc2c1[nH]c(=O)c(C#N)c2CCCc1cc(O)cc(O)c1"
"34776-2","CCC[C@H]1CNCc2c1[nH]c(=O)c(C#N)c2N[C@H]1CC[C@@H](NC(C)=O)CC1"
"19249-1","CCC[C@H]1CNCc2c1[nH]c(=O)c(C#N)c2N1CCC(N2CCCC2=O)CC1"
"14656-1","CCC[C@H]1CNCc2c1[nH]c(=O)c(C#N)c2NCc1ccc(CC(N)=O)cc1"
"5037-1","CCC[C@H]1CNCc2c1[nH]c(=O)c(C#N)c2CCCN1CCCC1=O"
"14864-1","CCC[C@H]1CNCc2c1[nH]c(=O)c(C#N)c2N1CC[C@H]2C[C@@H]1CO2"
"34776-1","CCC[C@H]1CNCc2c1[nH]c(=O)c(C#N)c2N[C@H]1CC[C@H](NC(C)=O)CC1"
"12201-1","CCC[C@H]1CNCc2c1[nH]c(=O)c(C#N)c2N1CCN(C(=O)c2ccco2)CC1"
"17264-1","CCC[C@H]1CNCc2c1[nH]c(=O)c(C#N)c2N1CCC(C(=O)NCC)CC1"
"25852-1","CCC[C@H]1CNCc2c1[nH]c(=O)c(C#N)c2NCCCC(=O)NC1CC1"
"29099-2","CCC[C@H]1CNCc2c1[nH]c(=O)c(C#N)c2C[C@H]1CC[C@@H](CO)CC1"
"15014-1","CCC[C@H]1CNCc2c1[nH]c(=O)c(C#N)c2N1CCCC(C)(C)C1"
"10001-2","CCC[C@H]1CNCc2c1[nH]c(=O)c(C#N)c2N[C@@H](CO)Cc1ccc(O)cc1"
"36541-1","CCCCC(=O)N[C@@H](C)c1c2c([nH]c(=O)c1C#N)[C@@H](CCC)CNC2"
"2726-1","CCC[C@H]1CNCc2c1[nH]c(=O)c(C#N)c2N1CCC(CO)CC1"
"9124-1","CCC[C@H]1CNCc2c1[nH]c(=O)c(C#N)c2N1CCN(C(=O)c2cccs2)CC1"
"2754-2","CCC[C@H]1CNCc2c1[nH]c(=O)c(C#N)c2N1CCC[C@H](CCO)C1"
"30849-1","CCC[C@H]1CNCc2c1[nH]c(=O)c(C#N)c2N1CCC2(CC1)CC2"
"14864-2","CCC[C@H]1CNCc2c1[nH]c(=O)c(C#N)c2N1CC[C@@H]2C[C@H]1CO2"
"28075-1","CCC[C@H]1CNCc2c1[nH]c(=O)c(C#N)c2NCc1cccc(NC(N)=O)c1"
"37247-2","CCC[C@H]1CNCc2c1[nH]c(=O)c(C#N)c2N1CC[C@H](OC)C(F)(F)C1"
"27566-4","CCC[C@H]1CNCc2c1[nH]c(=O)c(C#N)c2N1CCO[C@H](C)[C@@H]1C"
"3280-1","CCC[C@H]1CNCc2c1[nH]c(=O)c(C#N)c2N1CCC(NC(=O)C2CC2)CC1"
"33376-1","CCC[C@H]1CNCc2c1[nH]c(=O)c(C#N)c2CC[C@H](O)c1ccc(OC)cc1"
"28080-1","CCC[C@H]1CNCc2c1[nH]c(=O)c(C#N)c2NCc1cccc(NC(C)=O)c1"
"21812-4","CCC[C@H]1CNCc2c1[nH]c(=O)c(C#N)c2N1CCC[C@H](C)[C@@H]1C"
"40743-1","CCC[C@H]1CNCc2c1[nH]c(=O)c(C#N)c2O[C@H](C)CCc1ccc(O)cc1O"
"20714-1","CCC[C@H]1CNCc2c1[nH]c(=O)c(C#N)c2N1C[C@@H](C)O[C@H]2CCOC[C@@H]21"
"7105-2","CCC[C@H]1CNCc2c1[nH]c(=O)c(C#N)c2N1CCCC[C@@H]1CC"
"40273-1","CCC[C@H]1CNCc2c1[nH]c(=O)c(C#N)c2N1CCN(CCCC#N)CC1"
"16357-1","CCC[C@H]1CNCc2c1[nH]c(=O)c(C#N)c2N1CCC[C@H](F)C1"
"19262-1","CCC[C@H]1CNCc2c1[nH]c(=O)c(C#N)c2N1CCc2nocc2C1"
"44714-1","CCC[C@H]1CNCc2c1[nH]c(=O)c(C#N)c2OCCCc1ccc(O)c(O)c1"
"28463-1","CCC[C@H]1CNCc2c1[nH]c(=O)c(C#N)c2N1C[C@@H]2CC[C@@H](C2)C1"
"21812-2","CCC[C@H]1CNCc2c1[nH]c(=O)c(C#N)c2N1CCC[C@H](C)[C@H]1C"
"2936-2","CCC[C@H]1CNCc2c1[nH]c(=O)c(C#N)c2N1CCO[C@H](C)C1"
"44102-3","CCC[C@H]1CNCc2c1[nH]c(=O)c(C#N)c2N1CC[C@@H](OC)[C@@H](F)C1"
"14919-1","CCC[C@H]1CNCc2c1[nH]c(=O)c(C#N)c2N1CCCC(F)(F)C1"
"17922-3","CCC[C@H]1CNCc2c1[nH]c(=O)c(C#N)c2N[C@@H]1CCOC[C@H]1F"
"43074-1","CCC[C@H]1CNCc2c1[nH]c(=O)c(C#N)c2N1CCC(C)(F)CC1"
"19291-2","CCC[C@H]1CNCc2c1[nH]c(=O)c(C#N)c2N1CCC([C@@H](C)O)CC1"
"2959-1","CCC[C@H]1CNCc2c1[nH]c(=O)c(C#N)c2N1CCC(C)(O)CC1"
"44449-1","CCC[C@H]1CNCc2c1[nH]c(=O)c(C#N)c2NCc1cnc(OC)c(C#N)c1"
"19723-2","CCC[C@H]1CNCc2c1[nH]c(=O)c(C#N)c2N[C@@H](CCc1ccccc1)C(N)=O"
"11965-1","CCC[C@H]1CNCc2c1[nH]c(=O)c(C#N)c2N1CCOC(C)(C)C1"
"30813-1","CCC[C@H]1CNCc2c1[nH]c(=O)c(C#N)c2N1CCC[C@@](C)(CO)C1"
"15410-1","CCC[C@H]1CNCc2c1[nH]c(=O)c(C#N)c2N1CCC(CCS(C)(=O)=O)CC1"
"7103-1","CCC[C@H]1CNCc2c1[nH]c(=O)c(C#N)c2N1CCC[C@@H](CO)C1"
"17694-1","CCC[C@H]1CNCc2c1[nH]c(=O)c(C#N)c2N1CCC(C)(OC)CC1"
"42392-2","CCC[C@H]1CNCc2c1[nH]c(=O)c(C#N)c2N[C@@H](Cn1ccnc1)C(C)C"
"30797-2","CCC[C@H]1CNCc2c1[nH]c(=O)c(C#N)c2N1CCC[C@](C)(O)C1"
"17290-1","CCC[C@H]1CNCc2c1[nH]c(=O)c(C#N)c2N1CCC(C(=O)N2CCC2)CC1"
"2753-1","CCC[C@H]1CNCc2c1[nH]c(=O)c(C#N)c2N1CCC(CCCO)CC1"
"44102-1","CCC[C@H]1CNCc2c1[nH]c(=O)c(C#N)c2N1CC[C@@H](OC)[C@H](F)C1"
"38280-2","CCC[C@H]1CNCc2c1[nH]c(=O)c(C#N)c2N[C@H]1CNC(=O)c2ccccc21"
"36540-1","CCCC(=O)N[C@@H](C)c1c2c([nH]c(=O)c1C#N)[C@@H](CCC)CNC2"
"19263-1","CCC[C@H]1CNCc2c1[nH]c(=O)c(C#N)c2N1C[C@H]2CC[C@@H](C1)O2"
"23487-2","CCC[C@H]1CNCc2c1[nH]c(=O)c(C#N)c2N1CCC[C@H](C(=O)NC)C1"
"11471-3","CCC[C@H]1CNCc2c1[nH]c(=O)c(C#N)c2N1C[C@@H](O)C[C@H](c2ccccc2)C1"
"44102-2","CCC[C@H]1CNCc2c1[nH]c(=O)c(C#N)c2N1CC[C@H](OC)[C@H](F)C1"
"38553-1","CCC[C@H]1CNCc2c1[nH]c(=O)c(C#N)c2N1CC(Oc2cccc(O)c2)C1"
"8465-1","CCC[C@H]1CNCc2c1[nH]c(=O)c(C#N)c2N1CCC(O)(c2ccccn2)CC1"
"5719-1","CCC[C@H]1CNCc2c1[nH]c(=O)c(C#N)c2N1CCC(CC)CC1"
"20750-2","CCC[C@H]1CNCc2c1[nH]c(=O)c(C#N)c2N1C[C@H](C)O[C@H]2CCC[C@H]21"
"24905-1","CCC[C@H]1CNCc2c1[nH]c(=O)c(C#N)c2[C@H](C)NC(=O)C(F)(F)F"
"41138-2","CCC[C@H]1CNCc2c1[nH]c(=O)c(C#N)c2C[C@H]1CCCC[C@H]1O"
"27557-2","CCC[C@H]1CNCc2c1[nH]c(=O)c(C#N)c2N1CCO[C@H](C2CCC2)C1"
"28122-1","CCC[C@H]1CNCc2c1[nH]c(=O)c(C#N)c2N(C)Cc1ccc(OC)c(O)c1"
"14914-1","CCC[C@H]1CNCc2c1[nH]c(=O)c(C#N)c2N1CCC2(CC1)COC2"
"36109-2","CCC[C@H]1CNCc2c1[nH]c(=O)c(C#N)c2NCCCc1cccnc1"
"44666-1","CCC[C@H]1CNCc2c1[nH]c(=O)c(C#N)c2N[C@@H]1CCCC[C@H]1F"
"39967-1","CCC[C@H]1CNCc2c1[nH]c(=O)c(C#N)c2N[C@H]1[C@@H]2COC[C@@H]21"
"44122-2","CCC[C@H]1CNCc2c1[nH]c(=O)c(C#N)c2N1CCN2C(=O)N(CC)C[C@H]2C1"
"43790-1","CCC[C@H]1CNCc2c1[nH]c(=O)c(C#N)c2N1CCC(C)(C#N)CC1"
"33362-1","CCC[C@H]1CNCc2c1[nH]c(=O)c(C#N)c2CC[C@H](O)c1ccc(O)cc1"
"25924-1","CCC[C@H]1CNCc2c1[nH]c(=O)c(C#N)c2N1CC=C(C)CC1"
"27499-1","CCC[C@H]1CNCc2c1[nH]c(=O)c(C#N)c2N1C[C@@H]2C[C@@H](CN(C(N)=O)C2)C1"
"44523-1","CCC[C@H]1CNCc2c1[nH]c(=O)c(C#N)c2N1CCC[C@@H](c2ncccn2)C1"
"22033-1","CCC[C@H]1CNCc2c1[nH]c(=O)c(C#N)c2N1CCc2cnn(C3CC3)c2C1"
"20744-2","CCC[C@H]1CNCc2c1[nH]c(=O)c(C#N)c2N1CCOC[C@@H]1CC"
"14066-1","CCC[C@H]1CNCc2c1[nH]c(=O)c(C#N)c2N1CCc2n[nH]cc2C1"
"13-99",""
"30807-1","CCC[C@H]1CNCc2c1[nH]c(=O)c(C#N)c2N1CCC[C@@H](OCC(C)C)C1"
"24905-2","CCC[C@H]1CNCc2c1[nH]c(=O)c(C#N)c2[C@@H](C)NC(=O)C(F)(F)F"
"43059-1","CCC[C@H]1CNCc2c1[nH]c(=O)c(C#N)c2N1C[C@@H]2C[C@@H](CN(C(C)=O)C2)C1"
"22018-1","CCC[C@H]1CNCc2c1[nH]c(=O)c(C#N)c2N1CCc2nn(C)c(CC)c2C1"
"30807-2","CCC[C@H]1CNCc2c1[nH]c(=O)c(C#N)c2N1CCC[C@H](OCC(C)C)C1"
"3838-1","CCC[C@H]1CNCc2c1[nH]c(=O)c(C#N)c2N1CCn2c(C)nnc2C1"
"2936-1","CCC[C@H]1CNCc2c1[nH]c(=O)c(C#N)c2N1CCO[C@@H](C)C1"
"41313-1","CCC[C@H]1CNCc2c1[nH]c(=O)c(C#N)c2N1CCC=C(C)C1"
"17750-1","CCC[C@H]1CNCc2c1[nH]c(=O)c(C#N)c2N1CCN(c2ccc(O)cc2)CC1"
"30813-2","CCC[C@H]1CNCc2c1[nH]c(=O)c(C#N)c2N1CCC[C@](C)(CO)C1"
"26212-1","CCC[C@H]1CNCc2c1[nH]c(=O)c(C#N)c2CCc1cc(O)cc(O)c1"
"43689-1","CCC[C@H]1CNCc2c1[nH]c(=O)c(C#N)c2N1CCC(O)(c2cccnc2)CC1"
"14492-1","CCC[C@H]1CNCc2c1[nH]c(=O)c(C#N)c2N1CCC(F)(F)CC1"
"8336-1","CCC[C@H]1CNCc2c1[nH]c(=O)c(C#N)c2N1CCC(O)(c2ccco2)CC1"
"31388-2","CCC[C@H]1CNCc2c1[nH]c(=O)c(C#N)c2C[C@](C)(O)C(F)(F)F"
"3241-1","CCC[C@H]1CNCc2c1[nH]c(=O)c(C#N)c2N1CCC(OC)CC1"
"22043-1","CCC[C@H]1CNCc2c1[nH]c(=O)c(C#N)c2N1CCc2cnn(C(C)C)c2C1"
"17289-1","CCC[C@H]1CNCc2c1[nH]c(=O)c(C#N)c2N1CCC(CNC(C)=O)CC1"
"3109-1","CCC[C@H]1CNCc2c1[nH]c(=O)c(C#N)c2N1CCC[C@@H](C)C1"
"19261-1","CCC[C@H]1CNCc2c1[nH]c(=O)c(C#N)c2N1CCO[C@@H](C(F)(F)F)C1"
"20772-1","CCC[C@H]1CNCc2c1[nH]c(=O)c(C#N)c2N1[C@H](C)CN(C(=O)C2CC2)C[C@@H]1C"
"20754-1","CCC[C@H]1CNCc2c1[nH]c(=O)c(C#N)c2N1[C@H](C)CN(C(=O)C(C)C)C[C@@H]1C"
"41211-1","CCCC(=O)N1CCN(c2c3c([nH]c(=O)c2C#N)[C@@H](CCC)CNC3)CC1"
"7127-2","CCC[C@H]1CNCc2c1[nH]c(=O)c(C#N)c2N1CCC[C@H](OC)C1"
"36502-2","CCC[C@H]1CNCc2c1[nH]c(=O)c(C#N)c2N1CCC[C@@]2(CCN(C(C)=O)C2)C1"
"1556-1","CCC[C@H]1CNCc2c1[nH]c(=O)c(C#N)c2N1CCCCC1"
"7103-2","CCC[C@H]1CNCc2c1[nH]c(=O)c(C#N)c2N1CCC[C@H](CO)C1"
"33862-1","CCC[C@H]1CNCc2c1[nH]c(=O)c(C#N)c2N1CCC(CCNS(C)(=O)=O)CC1"
"20724-2","CCC[C@H]1CNCc2c1[nH]c(=O)c(C#N)c2N1CCO[C@@H]2CCC[C@H]21"
"5718-1","CCC[C@H]1CNCc2c1[nH]c(=O)c(C#N)c2N1C[C@H](C)C[C@H](C)C1"
"20750-6","CCC[C@H]1CNCc2c1[nH]c(=O)c(C#N)c2N1C[C@H](C)O[C@H]2CCC[C@@H]21"
"34233-1","CCC[C@H]1CNCc2c1[nH]c(=O)c(C#N)c2N1CCN(C(=O)C(F)(F)F)CC1"
"5718-2","CCC[C@H]1CNCc2c1[nH]c(=O)c(C#N)c2N1C[C@H](C)C[C@@H](C)C1"
"16199-1","CCC[C@H]1CNCc2c1[nH]c(=O)c(C#N)c2N1CCC(F)CC1"
"30432-3","CCC[C@H]1CNCc2c1[nH]c(=O)c(C#N)c2[C@@H]1CCCC[C@@]1(C)O"
"2949-1","CCC[C@H]1CNCc2c1[nH]c(=O)c(C#N)c2N1C[C@@H](C)O[C@@H](C)C1"
"21995-1","CCC[C@H]1CNCc2c1[nH]c(=O)c(C#N)c2N(C)CC(=O)N1CCCC1"
"17305-1","CCC[C@H]1CNCc2c1[nH]c(=O)c(C#N)c2N1CCC[C@@H](COC)C1"
"22031-1","CCC[C@H]1CNCc2c1[nH]c(=O)c(C#N)c2N1CCc2nn(C)c(C)c2C1"
"2748-1","CCC[C@H]1CNCc2c1[nH]c(=O)c(C#N)c2N1CCC(CC(C)(C)O)CC1"
"10694-1","CCC[C@H]1CNCc2c1[nH]c(=O)c(C#N)c2N1CCC(c2ncon2)CC1"
"44916-1","CCC[C@H]1CNCc2c1[nH]c(=O)c(C#N)c2N1CC[C@@H](Oc2cccc(O)c2)C1"
"10541-1","CCC[C@H]1CNCc2c1[nH]c(=O)c(C#N)c2N1C[C@H]2CC[C@@H]1CC2"
"10842-1","CCC[C@H]1CNCc2c1[nH]c(=O)c(C#N)c2CCC1COC1"
"12602-1","CCC[C@H]1CNCc2c1[nH]c(=O)c(C#N)c2N(C)CCCCCC(N)=O"
"23127-2","CCC[C@H]1CNCc2c1[nH]c(=O)c(C#N)c2CN[C@@H](C)C(F)(F)F"
"25923-1","CCC[C@H]1CNCc2c1[nH]c(=O)c(C#N)c2N1CCC(C)=C(C)C1"
"21334-1","CCC[C@H]1CNCc2c1[nH]c(=O)c(C#N)c2N1CCc2oncc2C1"
"36504-1","CCC[C@H]1CNCc2c1[nH]c(=O)c(C#N)c2N1CCC2(CCN(C(C)=O)C2)CC1"
"20758-6","CCC[C@H]1CNCc2c1[nH]c(=O)c(C#N)c2N1C[C@H](O)C[C@H]2CCCC[C@H]21"
"16357-2","CCC[C@H]1CNCc2c1[nH]c(=O)c(C#N)c2N1CCC[C@@H](F)C1"
"17256-1","CCC[C@H]1CNCc2c1[nH]c(=O)c(C#N)c2N1CCN(C(=O)C(C)C)CC1"
"16626-1","CCC[C@H]1CNCc2c1[nH]c(=O)c(C#N)c2N[C@@H]1CC[C@@H](CO)C1"
"23901-1","CCC[C@H]1CNCc2c1[nH]c(=O)c(C#N)c2N1CCC2(CCOC2)CC1"
"34746-1","CCC[C@H]1CNCc2c1[nH]c(=O)c(C#N)c2N1CCC(C(F)F)CC1"
"16626-3","CCC[C@H]1CNCc2c1[nH]c(=O)c(C#N)c2N[C@@H]1CC[C@H](CO)C1"
"36663-1","CCC[C@H]1CNCc2c1[nH]c(=O)c(C#N)c2N1CCc2nn(C)cc2C1"
"20724-4","CCC[C@H]1CNCc2c1[nH]c(=O)c(C#N)c2N1CCO[C@@H]2CCC[C@@H]21"
"7106-2","CCC[C@H]1CNCc2c1[nH]c(=O)c(C#N)c2N1CCC[C@H](c2nc(C)no2)C1"
"5944-1","CCC[C@H]1CNCc2c1[nH]c(=O)c(C#N)c2N[C@H](C)CC(C)C"
"3682-1","CCC[C@H]1CNCc2c1[nH]c(=O)c(C#N)c2NCCN(C)C(=O)C(F)(F)F"
"17305-2","CCC[C@H]1CNCc2c1[nH]c(=O)c(C#N)c2N1CCC[C@H](COC)C1"
"8384-1","CCC[C@H]1CNCc2c1[nH]c(=O)c(C#N)c2N1CCC(O)(C(C)C)CC1"
"17688-1","CCC[C@H]1CNCc2c1[nH]c(=O)c(C#N)c2N1CCC(C)(C)CC1"
"19268-2","CCC[C@H]1CNCc2c1[nH]c(=O)c(C#N)c2N(C)C[C@H]1CCOC1"
"16629-2","CCC[C@H]1CNCc2c1[nH]c(=O)c(C#N)c2NC[C@H]1CC[C@@H](O)C1"
"32453-1","CCC[C@H]1CNCc2c1[nH]c(=O)c(C#N)c2N1CCn2nncc2C1"
"11347-1","CCC[C@H]1CNCc2c1[nH]c(=O)c(C#N)c2N1CCN(c2cccnn2)CC1"
"32276-4","CCCC[C@H](O)[C@H](C)Cc1c2c([nH]c(=O)c1C#N)[C@@H](CCC)CNC2"
"34372-1","CCC[C@H]1CNCc2c1[nH]c(=O)c(C#N)c2N1[C@@H]2CCC[C@H]1COC2"
"18296-1","CCC[C@H]1CNCc2c1[nH]c(=O)c(C#N)c2N(C)[C@@H]1CCCC[C@H]1O"
"11063-1","CCC[C@H]1CNCc2c1[nH]c(=O)c(C#N)c2CC[C@@H]1CCOC1"
"18145-1","CCC[C@H]1CNCc2c1[nH]c(=O)c(C#N)c2CC[C@H](O)C(C)C"
"3452-1","CCC[C@H]1CNCc2c1[nH]c(=O)c(C#N)c2NCCc1ccc(O)c(O)c1"
"24930-1","CCC[C@H]1CNCc2c1[nH]c(=O)c(C#N)c2N(C)[C@@H]1CCOC1"
"19291-1","CCC[C@H]1CNCc2c1[nH]c(=O)c(C#N)c2N1CCC([C@H](C)O)CC1"
"24606-1","CCC[C@H]1CNCc2c1[nH]c(=O)c(C#N)c2NCc1ccc(O)c(F)c1"
"4150-1","CCC[C@H]1CNCc2c1[nH]c(=O)c(C#N)c2N1CC=CCC1"
"36747-1","CCC[C@H]1CNCc2c1[nH]c(=O)c(C#N)c2N1CCN(C(CC)CC)C(=O)C1"
"1684-1","CCC[C@H]1CNCc2c1[nH]c(=O)c(C#N)c2N1CCC(C)CC1"
"9745-1","CCC[C@H]1CNCc2c1[nH]c(=O)c(C#N)c2N1CCC(n2cccn2)CC1"
"9296-1","CCC[C@H]1CNCc2c1[nH]c(=O)c(C#N)c2CCCCCC(N)=O"
"27572-1","CCC[C@H]1CNCc2c1[nH]c(=O)c(C#N)c2N1CCO[C@@H](C(C)C)C1"
"36497-2","CCC[C@H]1CNCc2c1[nH]c(=O)c(C#N)c2N1CCC2(CCC[C@@H]2O)CC1"
"41752-1","CCC[C@H]1CNCc2c1[nH]c(=O)c(C#N)c2CCC1CCN(C(=O)CC)CC1"
"3109-2","CCC[C@H]1CNCc2c1[nH]c(=O)c(C#N)c2N1CCC[C@H](C)C1"
"7112-1","CCC[C@H]1CNCc2c1[nH]c(=O)c(C#N)c2N1CCO[C@@H](c2ccccc2)C1"
"32276-3","CCCC[C@H](O)[C@@H](C)Cc1c2c([nH]c(=O)c1C#N)[C@@H](CCC)CNC2"
"36670-1","CCC[C@H]1CNCc2c1[nH]c(=O)c(C#N)c2N1CCc2nc(C)oc2C1"
"17259-1","CCC[C@H]1CNCc2c1[nH]c(=O)c(C#N)c2N1CCC(C(=O)N(C)C)CC1"
"37203-1","CCC[C@H]1CNCc2c1[nH]c(=O)c(C#N)c2N1CCC(n2cn[nH]c2=O)CC1"
"14595-1","CCC[C@H]1CNCc2c1[nH]c(=O)c(C#N)c2N1CCN(Cc2cccnc2)CC1"
"24964-4","CCC[C@H]1CNCc2c1[nH]c(=O)c(C#N)c2N[C@H]1C[C@H]2CC[C@@H]1O2"
"20801-4","CCC[C@H]1CNCc2c1[nH]c(=O)c(C#N)c2N1CCN(C(=O)C2CC2)[C@H](C)[C@@H]1C"
"10252-1","CCC[C@H]1CNCc2c1[nH]c(=O)c(C#N)c2CN(C)C(=O)Cc1ccccc1"
"38156-1","CCC[C@H]1CNCc2c1[nH]c(=O)c(C#N)c2N1CCCc2cn[nH]c2C1"
"27565-2","CCC[C@H]1CNCc2c1[nH]c(=O)c(C#N)c2N1CCO[C@H]2CCCC[C@H]21"
"37247-1","CCC[C@H]1CNCc2c1[nH]c(=O)c(C#N)c2N1CC[C@@H](OC)C(F)(F)C1"
"27610-2","CCC[C@H]1CNCc2c1[nH]c(=O)c(C#N)c2N[C@@H](CO)c1ccc(F)c(F)c1"
"11669-2","CCC[C@H]1CNCc2c1[nH]c(=O)c(C#N)c2N1CCC[C@H](C(C)(C)O)C1"
"20782-3","CCC[C@H]1CNCc2c1[nH]c(=O)c(C#N)c2N1[C@@H](C)CN(C(=O)NCC)C[C@@H]1C"
"11471-2","CCC[C@H]1CNCc2c1[nH]c(=O)c(C#N)c2N1C[C@H](O)C[C@@H](c2ccccc2)C1"
"14757-1","CCC[C@H]1CNCc2c1[nH]c(=O)c(C#N)c2N1CCN(C(=O)NCC)CC1"
"20795-1","CCC[C@H]1CNCc2c1[nH]c(=O)c(C#N)c2N1[C@H](C)CN(C(=O)N(C)C)C[C@@H]1C"
"2338-2","CCC[C@H]1CNCc2c1[nH]c(=O)c(C#N)c2C[C@H]1CC[C@@H](O)CC1"
"11366-2","CCC[C@H]1CNCc2c1[nH]c(=O)c(C#N)c2N1CCN(c2ncccn2)[C@H](C)C1"
"10504-5","CCC[C@H]1CNCc2c1[nH]c(=O)c(C#N)c2[C@H](C)NC(=O)[C@@H]1C[C@@H]1C"
"17922-2","CCC[C@H]1CNCc2c1[nH]c(=O)c(C#N)c2N[C@H]1CCOC[C@@H]1F"
"17916-3","CCC[C@H]1CNCc2c1[nH]c(=O)c(C#N)c2N[C@@H]1CCO[C@H](C)C1"
"36661-1","CCC[C@H]1CNCc2c1[nH]c(=O)c(C#N)c2N1Cc2c(cnn2C)[C@@H](C)C1"
"25919-1","CCC[C@H]1CNCc2c1[nH]c(=O)c(C#N)c2N1CC[C@@H](O)[C@@H](C)C1"
"18148-2","CCC[C@H]1CNCc2c1[nH]c(=O)c(C#N)c2CC[C@@H](O)CC"
"27561-1","CCC[C@H]1CNCc2c1[nH]c(=O)c(C#N)c2N1CCN[C@@H](c2ccccc2F)C1"
"24950-3","CCC[C@H]1CNCc2c1[nH]c(=O)c(C#N)c2NCC1C[C@@H](C)O[C@H](C)C1"
"10689-1","CCC[C@H]1CNCc2c1[nH]c(=O)c(C#N)c2N1CCC(c2cn[nH]c2)CC1"
"17312-2","CCC[C@H]1CNCc2c1[nH]c(=O)c(C#N)c2N1CCC[C@H](CNC(C)=O)C1"
"30318-1","CCC[C@H]1CNCc2c1[nH]c(=O)c(C#N)c2N1CCc2ncc(C)cc2C1"
"14128-1","CCC[C@H]1CNCc2c1[nH]c(=O)c(C#N)c2N[C@@H]1CCCC[C@H]1O"
"11471-1","CCC[C@H]1CNCc2c1[nH]c(=O)c(C#N)c2N1C[C@@H](O)C[C@@H](c2ccccc2)C1"
"20712-2","CCC[C@H]1CNCc2c1[nH]c(=O)c(C#N)c2N1CCN(C(=O)C2CC2)C[C@@H]1C"
"17260-1","CCC[C@H]1CNCc2c1[nH]c(=O)c(C#N)c2N1CCC(CN2CCCC2=O)CC1"
"14841-2","CCC[C@H]1CNCc2c1[nH]c(=O)c(C#N)c2N[C@@H](C(=O)NC)C1CCCCC1"
"22022-1","CCC[C@H]1CNCc2c1[nH]c(=O)c(C#N)c2N1CCc2ccc(OC)nc2C1"
"11299-1","CCC[C@H]1CNCc2c1[nH]c(=O)c(C#N)c2CCC(C)(F)F"
"15552-1","CCC[C@H]1CNCc2c1[nH]c(=O)c(C#N)c2N1CCC[C@@H](C#N)C1"
"39595-1","CCC[C@H]1CNCc2c1[nH]c(=O)c(C#N)c2N[C@H]1CC[C@H](C#N)CC1"
"20754-3","CCC[C@H]1CNCc2c1[nH]c(=O)c(C#N)c2N1[C@@H](C)CN(C(=O)C(C)C)C[C@@H]1C"
"23260-2","CCC[C@H]1CNCc2c1[nH]c(=O)c(C#N)c2CC[C@@H](N)C(F)(F)F"
"37891-4","CCC[C@H]1CNCc2c1[nH]c(=O)c(C#N)c2CC[C@H]1CC[C@H](C)O1"
"3552-1","CCC[C@H]1CNCc2c1[nH]c(=O)c(C#N)c2NCCC(F)(F)F"
"8399-1","CCC[C@H]1CNCc2c1[nH]c(=O)c(C#N)c2N1CCC(O)(c2nccs2)CC1"
"22030-1","CCC[C@H]1CNCc2c1[nH]c(=O)c(C#N)c2N1CCc2ccnc(OC)c2C1"
"11471-4","CCC[C@H]1CNCc2c1[nH]c(=O)c(C#N)c2N1C[C@H](O)C[C@H](c2ccccc2)C1"
"18175-1","CCC[C@H]1CNCc2c1[nH]c(=O)c(C#N)c2CCC(O)(CC)CC"
"11611-1","CCC[C@H]1CNCc2c1[nH]c(=O)c(C#N)c2N1CCN(c2ccccc2O)CC1"
"17771-1","CCC[C@H]1CNCc2c1[nH]c(=O)c(C#N)c2N(C)C1CC1"
"35400-4","CCC[C@H]1CNCc2c1[nH]c(=O)c(C#N)c2C[C@H]1CCCC[C@@H]1CO"
"17877-1","CCC[C@H]1CNCc2c1[nH]c(=O)c(C#N)c2NCc1nnc2n1CCC2"
"29891-1","CCC[C@H]1CNCc2c1[nH]c(=O)c(C#N)c2N1C[C@H]2CC[C@@H](C1)[C@@H]2COC"
"20693-2","CCC[C@H]1CNCc2c1[nH]c(=O)c(C#N)c2N1CCOC[C@@H]1c1ccccc1"
"17921-4","CCC[C@H]1CNCc2c1[nH]c(=O)c(C#N)c2N[C@H]1C[C@H]2C[C@@H]1CO2"
"24930-2","CCC[C@H]1CNCc2c1[nH]c(=O)c(C#N)c2N(C)[C@H]1CCOC1"
"15546-1","CCC[C@H]1CNCc2c1[nH]c(=O)c(C#N)c2N1CCC(C#N)CC1"
"7127-1","CCC[C@H]1CNCc2c1[nH]c(=O)c(C#N)c2N1CCC[C@@H](OC)C1"
"907-3","CCC[C@H]1CNCc2c1[nH]c(=O)c(C#N)c2C[C@H](C)[C@@H](O)c1ccc(O)cc1"
"14128-4","CCC[C@H]1CNCc2c1[nH]c(=O)c(C#N)c2N[C@H]1CCCC[C@@H]1O"
"29853-2","CCC[C@H]1CNCc2c1[nH]c(=O)c(C#N)c2N[C@H]1CC[C@@H](O)c2ccccc21"
"42723-2","CCC[C@H]1CNCc2c1[nH]c(=O)c(C#N)c2N1CCOC[C@@H]1C1CC1"
"36659-1","CCC[C@H]1CNCc2c1[nH]c(=O)c(C#N)c2N1CCc2nn(C(C)C)cc2C1"
"32412-1","CCC[C@H]1CNCc2c1[nH]c(=O)c(C#N)c2N1CCn2c(CC)nnc2C1"
"14652-1","CCC[C@H]1CNCc2c1[nH]c(=O)c(C#N)c2NCc1ccc(CO)cc1"
"7130-2","CCC[C@H]1CNCc2c1[nH]c(=O)c(C#N)c2N1CCOC[C@@H]1C"
"41538-1","CCC[C@H]1CNCc2c1[nH]c(=O)c(C#N)c2N[C@@H]1CCCN(C(CF)CF)C1"
"27567-1","CCCC[C@H]1CN(c2c3c([nH]c(=O)c2C#N)[C@@H](CCC)CNC3)CCO1"
"20709-4","CCC[C@H]1CNCc2c1[nH]c(=O)c(C#N)c2N1C[C@H](C)OC[C@@H]1C"
"14886-1","CCC[C@H]1CNCc2c1[nH]c(=O)c(C#N)c2N1C[C@H]2C[C@@H](C1)O2"
"36502-1","CCC[C@H]1CNCc2c1[nH]c(=O)c(C#N)c2N1CCC[C@]2(CCN(C(C)=O)C2)C1"
"38254-3","CCC[C@H]1CNCc2c1[nH]c(=O)c(C#N)c2N[C@@H]1CCC[C@@]1(C)O"
"40424-2","CCC[C@H]1CNCc2c1[nH]c(=O)c(C#N)c2C[C@@H](C)CCF"
"10686-1","CCC[C@H]1CNCc2c1[nH]c(=O)c(C#N)c2N1CCC(c2cc[nH]n2)CC1"
"14587-1","CCC[C@H]1CNCc2c1[nH]c(=O)c(C#N)c2N1CCN(Cc2ccncc2)CC1"
"36497-1","CCC[C@H]1CNCc2c1[nH]c(=O)c(C#N)c2N1CCC2(CCC[C@H]2O)CC1"
"2770-1","CCC[C@H]1CNCc2c1[nH]c(=O)c(C#N)c2N1CCC(CCOC)CC1"
"35646-1","CCC[C@H]1CNCc2c1[nH]c(=O)c(C#N)c2N1CCC2(CCOCC2)CC1"
"39175-2","CCC[C@H]1CNCc2c1[nH]c(=O)c(C#N)c2N1CCCC[C@@H]1C#N"
"22028-1","CCC[C@H]1CNCc2c1[nH]c(=O)c(C#N)c2N1CCc2c(c(C(C)C)nn2C)C1"
"30063-1","CCC[C@H]1CNCc2c1[nH]c(=O)c(C#N)c2CCCCC(=O)N1CCOCC1"
"1943-1","CCC[C@H]1CNCc2c1[nH]c(=O)c(C#N)c2CCC(F)F"
"4950-1","CCC[C@H]1CNCc2c1[nH]c(=O)c(C#N)c2CCC1CC1"
"21331-1","CCC[C@H]1CNCc2c1[nH]c(=O)c(C#N)c2N1CCc2cnn(C)c2C1"
"17921-3","CCC[C@H]1CNCc2c1[nH]c(=O)c(C#N)c2N[C@@H]1C[C@H]2C[C@@H]1CO2"
"34370-1","CCC[C@H]1CNCc2c1[nH]c(=O)c(C#N)c2N1[C@@H]2CCC[C@H]1C[C@H](O)C2"
"27557-1","CCC[C@H]1CNCc2c1[nH]c(=O)c(C#N)c2N1CCO[C@@H](C2CCC2)C1"
"14594-1","CCCCC(=O)N1CCN(c2c3c([nH]c(=O)c2C#N)[C@@H](CCC)CNC3)CC1"
"25909-1","CCC[C@H]1CNCc2c1[nH]c(=O)c(C#N)c2N1CCC(CC(=O)N(C)C)CC1"
"21286-3","CCC[C@H]1CNCc2c1[nH]c(=O)c(C#N)c2N[C@H](CC)[C@@H](C)O"
"9027-1","CCC[C@H]1CNCc2c1[nH]c(=O)c(C#N)c2NCCNc1ccnc(C)n1"
"42519-1","CCC[C@H]1CNCc2c1[nH]c(=O)c(C#N)c2N1CCc2occc2C1"
"23900-1","CCC[C@H]1CNCc2c1[nH]c(=O)c(C#N)c2N1CCC2(CCCO2)CC1"
"29853-4","CCC[C@H]1CNCc2c1[nH]c(=O)c(C#N)c2N[C@H]1CC[C@H](O)c2ccccc21"
"30981-1","CCC[C@H]1CNCc2c1[nH]c(=O)c(C#N)c2CCCCOCCOCCOCC"
"25919-2","CCC[C@H]1CNCc2c1[nH]c(=O)c(C#N)c2N1CC[C@H](O)[C@@H](C)C1"
"14876-4","CCC[C@H]1CNCc2c1[nH]c(=O)c(C#N)c2N1C[C@@H]2OC[C@H]1[C@H]2F"
"8964-1","CCC[C@H]1CNCc2c1[nH]c(=O)c(C#N)c2CCCc1cnc(N)nc1"
"120-1","CCCCc1c2c([nH]c(=O)c1C#N)[C@@H](CCC)CNC2"
"14069-1","CCC[C@H]1CNCc2c1[nH]c(=O)c(C#N)c2NCc1cc[nH]n1"
"17273-1","CCC[C@H]1CNCc2c1[nH]c(=O)c(C#N)c2N1CCC(C(=O)N(CC)CC)CC1"
"24948-2","CCC[C@H]1CNCc2c1[nH]c(=O)c(C#N)c2NCCC[C@H]1CCOC1"
"3495-1","CCC[C@H]1CNCc2c1[nH]c(=O)c(C#N)c2N(C)C1CCC1"
"20745-2","CCC[C@H]1CNCc2c1[nH]c(=O)c(C#N)c2N1CCN(C(=O)C2(F)CC2)C[C@@H]1C"
"38552-1","CCC[C@H]1CNCc2c1[nH]c(=O)c(C#N)c2N1CC(Oc2ccccc2O)C1"
"29198-1","CCC[C@H]1CNCc2c1[nH]c(=O)c(C#N)c2CC[C@H](O)C(F)(F)F"
"6706-1","CCC[C@H]1CNCc2c1[nH]c(=O)c(C#N)c2CCCCC#N"
"24948-1","CCC[C@H]1CNCc2c1[nH]c(=O)c(C#N)c2NCCC[C@@H]1CCOC1"
"3464-1","CCC[C@H]1CNCc2c1[nH]c(=O)c(C#N)c2NCc1ccc(O)cc1"
"43882-1","CCC[C@H]1CNCc2c1[nH]c(=O)c(C#N)c2N1CCC(CCO)(OC)CC1"
"36218-1","CCC[C@H]1CNCc2c1[nH]c(=O)c(C#N)c2N1CCC2(CCCCO2)CC1"
"20746-1","CCC[C@H]1CNCc2c1[nH]c(=O)c(C#N)c2N1CCC[C@@H]2COCC[C@H]21"
"29668-1","CCC[C@H]1CNCc2c1[nH]c(=O)c(C#N)c2N1CCN(C(=O)CC(C)C)CC1"
"23802-2","CCC[C@H]1CNCc2c1[nH]c(=O)c(C#N)c2N1CCO[C@H](c2ccno2)C1"
"2309-1","CCC[C@H]1CNCc2c1[nH]c(=O)c(C#N)c2CC1CCOCC1"
"41644-1","CCC[C@H]1CNCc2c1[nH]c(=O)c(C#N)c2N(C)[C@H](C)c1nccs1"
"27560-2","CCC[C@H]1CNCc2c1[nH]c(=O)c(C#N)c2N1CCO[C@H](c2ccc(N)cc2)C1"
"35182-1","CCC[C@H]1CNCc2c1[nH]c(=O)c(C#N)c2N[C@H](CO)C1CCCCC1"
"16626-4","CCC[C@H]1CNCc2c1[nH]c(=O)c(C#N)c2N[C@H]1CC[C@H](CO)C1"
"18861-1","CCC[C@H]1CNCc2c1[nH]c(=O)c(C#N)c2NCc1cccn1C"
"27607-1","CCC[C@H]1CNCc2c1[nH]c(=O)c(C#N)c2N[C@H](CO)c1ccc(F)cc1"
"8432-1","CCCCC1(O)CCN(c2c3c([nH]c(=O)c2C#N)[C@@H](CCC)CNC3)CC1"
"16509-1","CCC[C@H]1CNCc2c1[nH]c(=O)c(C#N)c2N1CCn2cccc2C1"
"19334-1","CCC[C@H]1CNCc2c1[nH]c(=O)c(C#N)c2N1CCC(O)(CC)CC1"
"20714-6","CCC[C@H]1CNCc2c1[nH]c(=O)c(C#N)c2N1C[C@H](C)O[C@H]2CCOC[C@H]21"
"7773-1","CCC[C@H]1CNCc2c1[nH]c(=O)c(C#N)c2N(C)C1CCCC1"
"20709-3","CCC[C@H]1CNCc2c1[nH]c(=O)c(C#N)c2N1C[C@@H](C)OC[C@@H]1C"
"41138-3","CCC[C@H]1CNCc2c1[nH]c(=O)c(C#N)c2C[C@@H]1CCCC[C@@H]1O"
"20801-3","CCC[C@H]1CNCc2c1[nH]c(=O)c(C#N)c2N1CCN(C(=O)C2CC2)[C@@H](C)[C@@H]1C"
"44102-4","CCC[C@H]1CNCc2c1[nH]c(=O)c(C#N)c2N1CC[C@H](OC)[C@@H](F)C1"
"27566-2","CCC[C@H]1CNCc2c1[nH]c(=O)c(C#N)c2N1CCO[C@H](C)[C@H]1C"
"17921-1","CCC[C@H]1CNCc2c1[nH]c(=O)c(C#N)c2N[C@@H]1C[C@@H]2C[C@H]1CO2"
"24936-1","CCC[C@H]1CNCc2c1[nH]c(=O)c(C#N)c2NC1CC2(COC2)C1"
"3444-1","CCC[C@H]1CNCc2c1[nH]c(=O)c(C#N)c2Nc1ccc(O)cc1"
"38093-2","CCC[C@H]1CNCc2c1[nH]c(=O)c(C#N)c2CC1(O)C[C@H](C)O[C@@H](C)C1"
"18148-1","CCC[C@H]1CNCc2c1[nH]c(=O)c(C#N)c2CC[C@H](O)CC"
"34976-2","CCC[C@H]1CNCc2c1[nH]c(=O)c(C#N)c2[C@@H](C)NC(=O)CC(C)C"
"9004-1","CCC[C@H]1CNCc2c1[nH]c(=O)c(C#N)c2NCc1ccnc(N(C)C)c1"
"30805-2","CCC[C@H]1CNCc2c1[nH]c(=O)c(C#N)c2N1CCC([C@@H](O)CC)CC1"
"3566-1","CCC[C@H]1CNCc2c1[nH]c(=O)c(C#N)c2N[C@H](C)C1CC1"
"28078-1","CCC[C@H]1CNCc2c1[nH]c(=O)c(C#N)c2NCc1cccc(OCCOC)c1"
"4362-2","CCC[C@H]1CNCc2c1[nH]c(=O)c(C#N)c2C[C@@H](C)CC"
"29195-1","CCC[C@H]1CNCc2c1[nH]c(=O)c(C#N)c2CCC1(O)CCC1"
"3098-1","CCC[C@H]1CNCc2c1[nH]c(=O)c(C#N)c2NCc1ccccc1OC"
"7128-2","CCC[C@H]1CNCc2c1[nH]c(=O)c(C#N)c2N1CCCC[C@@H]1CO"
"659-1","CCC[C@H]1CNCc2c1[nH]c(=O)c(C#N)c2CCC(C)C"
"36278-4","CCC[C@H]1CNCc2c1[nH]c(=O)c(C#N)c2N(C)[C@H]1CCOC[C@@H]1OC"
"17916-1","CCC[C@H]1CNCc2c1[nH]c(=O)c(C#N)c2N[C@@H]1CCO[C@@H](C)C1"
"40523-1","CCC[C@H]1CNCc2c1[nH]c(=O)c(C#N)c2CCC(C)(C)F"
"21122-1","CCC[C@H]1CNCc2c1[nH]c(=O)c(C#N)c2NC(=O)COC1CCC1"
"20758-1","CCC[C@H]1CNCc2c1[nH]c(=O)c(C#N)c2N1C[C@@H](O)C[C@H]2CCCC[C@@H]21"
"20726-3","CCC[C@H]1CNCc2c1[nH]c(=O)c(C#N)c2N1CC[C@@H](OC)C[C@@H]1C"
"21340-1","CCC[C@H]1CNCc2c1[nH]c(=O)c(C#N)c2NCc1cn(C)nc1C"
"20750-7","CCC[C@H]1CNCc2c1[nH]c(=O)c(C#N)c2N1C[C@@H](C)O[C@@H]2CCC[C@@H]21"
"32428-1","CCC[C@H]1CNCc2c1[nH]c(=O)c(C#N)c2N1CCn2nnc(C)c2C1"
"14590-1","CCC[C@H]1CNCc2c1[nH]c(=O)c(C#N)c2N1CCN(Cc2csnn2)CC1"
"14117-1","CCC[C@H]1CNCc2c1[nH]c(=O)c(C#N)c2N[C@H]1CC[C@](C)(O)CC1"
"10634-1","CCC[C@H]1CNCc2c1[nH]c(=O)c(C#N)c2N1CCC(C(=O)NC(C)C)CC1"
"20758-5","CCC[C@H]1CNCc2c1[nH]c(=O)c(C#N)c2N1C[C@@H](O)C[C@H]2CCCC[C@H]21"
"44666-4","CCC[C@H]1CNCc2c1[nH]c(=O)c(C#N)c2N[C@H]1CCCC[C@@H]1F"
"10202-2","CCC[C@H]1CNCc2c1[nH]c(=O)c(C#N)c2CC[C@H](C)F"
"18910-2","CCC[C@H]1CNCc2c1[nH]c(=O)c(C#N)c2CCC[C@@H](O)c1ccc(O)cc1"
"19723-1","CCC[C@H]1CNCc2c1[nH]c(=O)c(C#N)c2N[C@H](CCc1ccccc1)C(N)=O"
"16613-1","CCC[C@H]1CNCc2c1[nH]c(=O)c(C#N)c2N1CCc2c(CO)cccc2C1"
"19021-1","CCC[C@H]1CNCc2c1[nH]c(=O)c(C#N)c2N1CCC(C2COC2)CC1"
"37772-1","CCC[C@H]1CNCc2c1[nH]c(=O)c(C#N)c2C[C@H](C)CCO"
"20709-1","CCC[C@H]1CNCc2c1[nH]c(=O)c(C#N)c2N1C[C@@H](C)OC[C@H]1C"
"43856-1","CCC[C@H]1CNCc2c1[nH]c(=O)c(C#N)c2N1CCN(C(=O)c2ccc[nH]2)CC1"
"10839-1","CCC[C@H]1CNCc2c1[nH]c(=O)c(C#N)c2C[C@@H]1CCO1"
"44517-1","CCC[C@H]1CNCc2c1[nH]c(=O)c(C#N)c2N1CCc2c(cnn2C2CC2)C1"
"9758-1","CCC[C@H]1CNCc2c1[nH]c(=O)c(C#N)c2N1CCC(n2cc(C)cn2)CC1"
"29895-1","CCC[C@H]1CNCc2c1[nH]c(=O)c(C#N)c2N(C)Cc1cc(C)no1"
"45133-2","CCC[C@H]1CNCc2c1[nH]c(=O)c(C#N)c2N[C@@H](C)c1ncc(F)cc1F"
"3469-1","CCC[C@H]1CNCc2c1[nH]c(=O)c(C#N)c2Nc1ccc(O)c(OC)c1"
"27608-2","CCC[C@H]1CNCc2c1[nH]c(=O)c(C#N)c2N[C@@H](CO)c1cccc(F)c1"
"20797-3","CCC[C@H]1CNCc2c1[nH]c(=O)c(C#N)c2N1CCN(C(C)=O)[C@H]2CCC[C@H]21"
"27507-1","CCC[C@H]1CNCc2c1[nH]c(=O)c(C#N)c2N[C@@H]1CC12CCOCC2"
"20726-2","CCC[C@H]1CNCc2c1[nH]c(=O)c(C#N)c2N1CC[C@H](OC)C[C@H]1C"
"4465-1","CCC[C@H]1CNCc2c1[nH]c(=O)c(C#N)c2CC[C@H](O)c1ccccc1"
"21812-1","CCC[C@H]1CNCc2c1[nH]c(=O)c(C#N)c2N1CCC[C@@H](C)[C@H]1C"
"44187-2","CCC[C@H]1CNCc2c1[nH]c(=O)c(C#N)c2NCc1ccnc(CC)c1"
"17268-2","CCC[C@H]1CNCc2c1[nH]c(=O)c(C#N)c2N1CCC[C@H](CN2CCCC2=O)C1"
"20759-3","CCC[C@H]1CNCc2c1[nH]c(=O)c(C#N)c2N1C[C@@H](OC)CC[C@@H]1C"
"43683-1","CCC[C@H]1CNCc2c1[nH]c(=O)c(C#N)c2N1CCC(c2cncnc2)CC1"
"20062-1","CCC[C@H]1CNCc2c1[nH]c(=O)c(C#N)c2N1CCCC12CC2"
"16336-1","CCC[C@H]1CNCc2c1[nH]c(=O)c(C#N)c2N(C)C1CCOCC1"
"27561-2","CCC[C@H]1CNCc2c1[nH]c(=O)c(C#N)c2N1CCN[C@H](c2ccccc2F)C1"
"20706-1","CCC[C@H]1CNCc2c1[nH]c(=O)c(C#N)c2N1[C@H](C)CN(C(=O)C(F)F)C[C@@H]1C"
"17907-1","CCC[C@H]1CNCc2c1[nH]c(=O)c(C#N)c2N(CCC#N)C1CC1"
"37772-2","CCC[C@H]1CNCc2c1[nH]c(=O)c(C#N)c2C[C@@H](C)CCO"
"14944-2","CCC[C@H]1CNCc2c1[nH]c(=O)c(C#N)c2N1CCCC[C@@H]1c1ncn[nH]1"
"15816-3","CCC[C@H]1CNCc2c1[nH]c(=O)c(C#N)c2N[C@@H]1CCC[C@@H]1CO"
"36666-1","CCC[C@H]1CNCc2c1[nH]c(=O)c(C#N)c2N1CCc2cnn(CC(C)C)c2C1"
"41138-1","CCC[C@H]1CNCc2c1[nH]c(=O)c(C#N)c2C[C@@H]1CCCC[C@H]1O"
"11063-2","CCC[C@H]1CNCc2c1[nH]c(=O)c(C#N)c2CC[C@H]1CCOC1"
"20759-4","CCC[C@H]1CNCc2c1[nH]c(=O)c(C#N)c2N1C[C@H](OC)CC[C@@H]1C"
"20706-3","CCC[C@H]1CNCc2c1[nH]c(=O)c(C#N)c2N1[C@@H](C)CN(C(=O)C(F)F)C[C@@H]1C"
"24935-2","CCC[C@H]1CNCc2c1[nH]c(=O)c(C#N)c2NC[C@H]1CCCN(C(C)=O)C1"
"2714-1","CCC[C@H]1CNCc2c1[nH]c(=O)c(C#N)c2N1CCC(CCO)CC1"
"13799-1","CCC[C@H]1CNCc2c1[nH]c(=O)c(C#N)c2NCC(=O)Nc1ccccc1"
"39331-1","CCC[C@H]1CNCc2c1[nH]c(=O)c(C#N)c2C[C@@H](F)COC"
"8903-1","CCC[C@H]1CNCc2c1[nH]c(=O)c(C#N)c2NCCc1cccc(O)c1"
"39971-1","CCCC[C@@H](CO)Nc1c2c([nH]c(=O)c1C#N)[C@@H](CCC)CNC2"
"11366-1","CCC[C@H]1CNCc2c1[nH]c(=O)c(C#N)c2N1CCN(c2ncccn2)[C@@H](C)C1"
"16334-1","CCC[C@H]1CNCc2c1[nH]c(=O)c(C#N)c2N1CCOCC1(C)C"
"27566-3","CCC[C@H]1CNCc2c1[nH]c(=O)c(C#N)c2N1CCO[C@@H](C)[C@@H]1C"
"24186-2","CCC[C@H]1CNCc2c1[nH]c(=O)c(C#N)c2N[C@H]1CC[C@@H](C)C1"
"16609-1","CCC[C@H]1CNCc2c1[nH]c(=O)c(C#N)c2N1CCc2cccc(CO)c2C1"
"42640-1","CCC[C@H]1CNCc2c1[nH]c(=O)c(C#N)c2N1CCC(N(C)C(C)=O)CC1"
"40635-2","CCC[C@H]1CNCc2c1[nH]c(=O)c(C#N)c2N[C@@H](C(=O)N(C)C)c1ccccc1"
"24964-2","CCC[C@H]1CNCc2c1[nH]c(=O)c(C#N)c2N[C@H]1C[C@@H]2CC[C@H]1O2"
"8-1","CCCCCc1c2c([nH]c(=O)c1C#N)[C@@H](CCC)CNC2"
"14651-1","CCC[C@H]1CNCc2c1[nH]c(=O)c(C#N)c2NCc1ccc(C(N)=O)cc1"
"20798-2","CCC[C@H]1CNCc2c1[nH]c(=O)c(C#N)c2N(C)[C@H]1COC[C@H]1OC"
"44122-1","CCC[C@H]1CNCc2c1[nH]c(=O)c(C#N)c2N1CCN2C(=O)N(CC)C[C@@H]2C1"
"44967-1","CCC[C@H]1CNCc2c1[nH]c(=O)c(C#N)c2N1CCC2(CC1)CC(=O)N(C)C2"
"1373-1","CCC[C@H]1CNCc2c1[nH]c(=O)c(C#N)c2CCC(F)(F)F"
"35648-1","CCC[C@H]1CNCc2c1[nH]c(=O)c(C#N)c2N1CC(Oc2cccnc2C)C1"
"2318-1","CCC[C@H]1CNCc2c1[nH]c(=O)c(C#N)c2CC1(O)CCC1"
"22025-1","CCC[C@H]1CNCc2c1[nH]c(=O)c(C#N)c2N1CCc2c(c(CC)nn2C)C1"
"1663-1","CCC[C@H]1CNCc2c1[nH]c(=O)c(C#N)c2NCc1ccccc1"
"18165-2","CCC[C@H]1CNCc2c1[nH]c(=O)c(C#N)c2CC[C@@H](O)C(C)(C)C"
"9747-1","CCC[C@H]1CNCc2c1[nH]c(=O)c(C#N)c2N1CCC(n2ccnc2)CC1"
"3283-1","CCC[C@H]1CNCc2c1[nH]c(=O)c(C#N)c2N1CCC(OCCOC)CC1"
"15552-2","CCC[C@H]1CNCc2c1[nH]c(=O)c(C#N)c2N1CCC[C@H](C#N)C1"
"45217-1","CCC[C@H]1CNCc2c1[nH]c(=O)c(C#N)c2N1CCC(n2cnnc2)CC1"
"1428-1","CCC[C@H]1CNCc2c1[nH]c(=O)c(C#N)c2N(CC)CC"
"33031-1","CCC[C@H]1CNCc2c1[nH]c(=O)c(C#N)c2NCc1cc2c(cn1)OCCO2"
"14591-1","CCC[C@H]1CNCc2c1[nH]c(=O)c(C#N)c2N1CCN(Cc2cscn2)CC1"
"27651-1","CCC[C@H]1CNCc2c1[nH]c(=O)c(C#N)c2N1CCCC[C@H]1CCOC"
"10703-1","CCC[C@H]1CNCc2c1[nH]c(=O)c(C#N)c2N(C)CC(F)(F)F"
"28186-1","CCC[C@H]1CNCc2c1[nH]c(=O)c(C#N)c2NCCc1ccc(O)c(OC)c1"
"20720-4","CCC[C@H]1CNCc2c1[nH]c(=O)c(C#N)c2N1CC(=O)N(CC)[C@@H]2CCC[C@H]21"
"14602-1","CCC[C@H]1CNCc2c1[nH]c(=O)c(C#N)c2N1CCN(Cc2cc(C)on2)CC1"
"26731-1","CCC[C@H]1CNCc2c1[nH]c(=O)c(C#N)c2NCc1ccc(NC)nc1"
"14903-1","CCC[C@H]1CNCc2c1[nH]c(=O)c(C#N)c2N1CC(N2CC(F)C2)C1"
"34952-1","CCC[C@H]1CNCc2c1[nH]c(=O)c(C#N)c2CC1CCN(C(=O)CC)CC1"
"17268-1","CCC[C@H]1CNCc2c1[nH]c(=O)c(C#N)c2N1CCC[C@@H](CN2CCCC2=O)C1"
"21286-1","CCC[C@H]1CNCc2c1[nH]c(=O)c(C#N)c2N[C@H](CC)[C@H](C)O"
"24964-3","CCC[C@H]1CNCc2c1[nH]c(=O)c(C#N)c2N[C@@H]1C[C@H]2CC[C@@H]1O2"
"25900-1","CCC[C@H]1CNCc2c1[nH]c(=O)c(C#N)c2NCc1scnc1C"
"27612-1","CCC[C@H]1CNCc2c1[nH]c(=O)c(C#N)c2N[C@@H]1c2ccccc2C[C@H]1O"
"18872-2","CCC[C@H]1CNCc2c1[nH]c(=O)c(C#N)c2N1CCN([C@@H](C#N)C(C)C)CC1"
"7413-1","CCC[C@H]1CNCc2c1[nH]c(=O)c(C#N)c2N1CCN(c2ccccn2)CC1"
"15480-1","CCC[C@H]1CNCc2c1[nH]c(=O)c(C#N)c2NCc1cnn(C)c1C"
"36661-2","CCC[C@H]1CNCc2c1[nH]c(=O)c(C#N)c2N1Cc2c(cnn2C)[C@H](C)C1"
"24964-1","CCC[C@H]1CNCc2c1[nH]c(=O)c(C#N)c2N[C@@H]1C[C@@H]2CC[C@H]1O2"
"10690-1","CCC[C@H]1CNCc2c1[nH]c(=O)c(C#N)c2N1CCC(n2cncn2)CC1"
"129-1","CCC[C@H]1CNCc2c1[nH]c(=O)c(C#N)c2NC(C)C"
"30815-2","CCC[C@H]1CNCc2c1[nH]c(=O)c(C#N)c2N1CCC[C@H](OCC)C1"
"36898-1","CCC[C@H]1CNCc2c1[nH]c(=O)c(C#N)c2CN(C)C(=O)Cc1cccc(O)c1"
"18806-1","CCC[C@@H](CC)Nc1c2c([nH]c(=O)c1C#N)[C@@H](CCC)CNC2"
"43638-1","CCC[C@H]1CNCc2c1[nH]c(=O)c(C#N)c2N1CCC(Cn2cccn2)CC1"
"4814-1","CCC[C@H]1CNCc2c1[nH]c(=O)c(C#N)c2CCC[C@H](C)O"
"15148-2","CCC[C@H]1CNCc2c1[nH]c(=O)c(C#N)c2N[C@H]1CCCOCC1"
"2338-1","CCC[C@H]1CNCc2c1[nH]c(=O)c(C#N)c2C[C@H]1CC[C@H](O)CC1"
"7269-1","CCC[C@H]1CNCc2c1[nH]c(=O)c(C#N)c2NCc1ccn(CC)n1"
"4723-2","CCC[C@H]1CNCc2c1[nH]c(=O)c(C#N)c2N1CCCC[C@@H]1C"
"27651-2","CCC[C@H]1CNCc2c1[nH]c(=O)c(C#N)c2N1CCCC[C@@H]1CCOC"
"32423-1","CCC[C@H]1CNCc2c1[nH]c(=O)c(C#N)c2N1CCn2c(nnc2C(F)F)C1"
"16635-1","CCC[C@H]1CNCc2c1[nH]c(=O)c(C#N)c2NC[C@@H]1CC[C@@](C)(O)C1"
"5714-1","CCC[C@H]1CNCc2c1[nH]c(=O)c(C#N)c2N1CCC(OC(C)C)CC1"
"40049-1","CCC[C@H]1CNCc2c1[nH]c(=O)c(C#N)c2CCCC(=O)N(C)C"
"3371-1","CCC[C@H]1CNCc2c1[nH]c(=O)c(C#N)c2N(C)CCC"
"35400-2","CCC[C@H]1CNCc2c1[nH]c(=O)c(C#N)c2C[C@H]1CCCC[C@H]1CO"
"10202-1","CCC[C@H]1CNCc2c1[nH]c(=O)c(C#N)c2CC[C@@H](C)F"
"44645-2","CCC[C@H]1CNCc2c1[nH]c(=O)c(C#N)c2CC[C@@H](OC)c1cccc(O)c1"
"4362-1","CCC[C@H]1CNCc2c1[nH]c(=O)c(C#N)c2C[C@H](C)CC"
"22027-1","CCC[C@H]1CNCc2c1[nH]c(=O)c(C#N)c2N1CCc2c(c(C)nn2C)C1"
"2764-2","CCC[C@H]1CNCc2c1[nH]c(=O)c(C#N)c2N1CCCC[C@@H]1CCO"
"907-4","CCC[C@H]1CNCc2c1[nH]c(=O)c(C#N)c2C[C@@H](C)[C@@H](O)c1ccc(O)cc1"
"3511-1","CCC[C@H]1CNCc2c1[nH]c(=O)c(C#N)c2NC1(C)COC1"
"35400-3","CCC[C@H]1CNCc2c1[nH]c(=O)c(C#N)c2C[C@@H]1CCCC[C@@H]1CO"
"15107-1","CCC[C@H]1CNCc2c1[nH]c(=O)c(C#N)c2N(C)[C@H](C)C#N"
"37083-2","CCC[C@H]1CNCc2c1[nH]c(=O)c(C#N)c2N[C@@H]1[C@@H]2CCC[C@H]1COC2"
"27611-1","CCC[C@H]1CNCc2c1[nH]c(=O)c(C#N)c2N[C@H](CO)c1ccccc1F"
"17916-4","CCC[C@H]1CNCc2c1[nH]c(=O)c(C#N)c2N[C@H]1CCO[C@H](C)C1"
"38150-2","CCC[C@H]1CNCc2c1[nH]c(=O)c(C#N)c2N1Cc2[nH]ncc2[C@@H]1C"
"37238-2","CCC[C@H]1CNCc2c1[nH]c(=O)c(C#N)c2N1CCCCC[C@@H]1CO"
"4321-1","CCC[C@H]1CNCc2c1[nH]c(=O)c(C#N)c2NCc1ccccc1O"
"15514-1","CCC[C@H]1CNCc2c1[nH]c(=O)c(C#N)c2N[C@H](CO)CC(C)C"
"38254-2","CCC[C@H]1CNCc2c1[nH]c(=O)c(C#N)c2N[C@H]1CCC[C@]1(C)O"
"28176-1","CCC[C@H]1CNCc2c1[nH]c(=O)c(C#N)c2N1CCN(c2cnc(C)s2)CC1"
"20720-2","CCC[C@H]1CNCc2c1[nH]c(=O)c(C#N)c2N1CC(=O)N(CC)[C@@H]2CCC[C@@H]21"
"16626-2","CCC[C@H]1CNCc2c1[nH]c(=O)c(C#N)c2N[C@H]1CC[C@@H](CO)C1"
"12275-1","CCC[C@H]1CNCc2c1[nH]c(=O)c(C#N)c2NCc1ccn(-c2ccncc2)c1"
"14127-4","CCC[C@H]1CNCc2c1[nH]c(=O)c(C#N)c2N[C@H]1CCC[C@H](O)C1"
"22602-1","CCC[C@H]1CNCc2c1[nH]c(=O)c(C#N)c2CN(CC(C)C)C(=O)c1ccco1"
"10688-1","CCC[C@H]1CNCc2c1[nH]c(=O)c(C#N)c2N1CCC(c2ccncn2)CC1"
"33438-1","CCC[C@H]1CNCc2c1[nH]c(=O)c(C#N)c2CN(CCC)C(=O)c1nccs1"
"39316-1","CCC[C@H]1CNCc2c1[nH]c(=O)c(C#N)c2N1CCC(n2nccn2)CC1"
"39-1","CCC[C@H]1CNCc2c1[nH]c(=O)c(C#N)c2Nc1ccncc1"
"9952-1","CCC[C@H]1CNCc2c1[nH]c(=O)c(C#N)c2N(C)CC(C)C"
"10836-1","CCC[C@H]1CNCc2c1[nH]c(=O)c(C#N)c2CC1(F)CCOCC1"
"29835-1","CCC[C@H]1CNCc2c1[nH]c(=O)c(C#N)c2N1CCC(c2cccnn2)CC1"
"5693-1","CCC[C@H]1CNCc2c1[nH]c(=O)c(C#N)c2CCC(C)(C)O"
"3568-1","CCC[C@H]1CNCc2c1[nH]c(=O)c(C#N)c2N(C)CCC(F)(F)F"
"26778-2","CCC[C@H]1CNCc2c1[nH]c(=O)c(C#N)c2N[C@H]1CC=CCC1"
"30931-1","CCC[C@H]1CNCc2c1[nH]c(=O)c(C#N)c2N1CCC(c2cnn(C)c2)CC1"
"44990-1","CCC[C@H]1CNCc2c1[nH]c(=O)c(C#N)c2N1CCC(c2nnnn2C)CC1"
"17928-3","CCC[C@H]1CNCc2c1[nH]c(=O)c(C#N)c2N[C@H](CO)[C@@H](C)CC"
"3465-1","CCC[C@H]1CNCc2c1[nH]c(=O)c(C#N)c2NCCc1ccccc1OC"
"3554-1","CCC[C@H]1CNCc2c1[nH]c(=O)c(C#N)c2N(C1CC1)C1CC1"
"43864-1","CCC[C@H]1CNCc2c1[nH]c(=O)c(C#N)c2N(C)c1cnn(C)c1"
"13812-1","CCC[C@H]1CNCc2c1[nH]c(=O)c(C#N)c2Nc1ccnn1C"
"17922-1","CCC[C@H]1CNCc2c1[nH]c(=O)c(C#N)c2N[C@@H]1CCOC[C@@H]1F"
"34121-1","CCC[C@H]1CNCc2c1[nH]c(=O)c(C#N)c2N(C)[C@@H]1CCCC[C@H]1CO"
"16635-2","CCC[C@H]1CNCc2c1[nH]c(=O)c(C#N)c2NC[C@H]1CC[C@@](C)(O)C1"
"21119-1","CCC[C@H]1CNCc2c1[nH]c(=O)c(C#N)c2N(C)CCCF"
"2485-1","CCC[C@H]1CNCc2c1[nH]c(=O)c(C#N)c2[C@H](C)NCC(F)(F)F"
"28183-1","CCC[C@H]1CNCc2c1[nH]c(=O)c(C#N)c2N1CCN(c2ncns2)CC1"
"31720-1","CCC[C@H]1CNCc2c1[nH]c(=O)c(C#N)c2N1CCC(c2cnco2)CC1"
"29834-4","CCC[C@H]1CNCc2c1[nH]c(=O)c(C#N)c2N[C@H]1CCOC[C@@H]1C(F)(F)F"
"4657-1","CCC[C@H]1CNCc2c1[nH]c(=O)c(C#N)c2CCCCCCCO"
"24938-1","CCC[C@H]1CNCc2c1[nH]c(=O)c(C#N)c2NC[C@H]1CC[C@H](O)CC1"
"2485-2","CCC[C@H]1CNCc2c1[nH]c(=O)c(C#N)c2[C@@H](C)NCC(F)(F)F"
"32442-1","CCC[C@H]1CNCc2c1[nH]c(=O)c(C#N)c2N1CCn2c(nnc2C2CC2)C1"
"30892-1","CCC[C@H]1CNCc2c1[nH]c(=O)c(C#N)c2CN1C[C@H]2CC[C@@H](C1)O2"
"8401-1","CCCCNC(=O)N1CCN(c2c3c([nH]c(=O)c2C#N)[C@@H](CCC)CNC3)CC1"
"20709-2","CCC[C@H]1CNCc2c1[nH]c(=O)c(C#N)c2N1C[C@H](C)OC[C@H]1C"
"17928-1","CCC[C@H]1CNCc2c1[nH]c(=O)c(C#N)c2N[C@H](CO)[C@H](C)CC"
"10504-1","CCC[C@H]1CNCc2c1[nH]c(=O)c(C#N)c2[C@H](C)NC(=O)[C@@H]1C[C@H]1C"
"24546-1","CCC[C@H]1CNCc2c1[nH]c(=O)c(C#N)c2NC[C@H](O)C(C)(C)C"
"40229-1","CCC[C@H]1CNCc2c1[nH]c(=O)c(C#N)c2N(C)CCF"
"26778-1","CCC[C@H]1CNCc2c1[nH]c(=O)c(C#N)c2N[C@@H]1CC=CCC1"
"19279-1","CCC[C@H]1CNCc2c1[nH]c(=O)c(C#N)c2N1CCN(CC(F)F)CC1"
"42850-1","CCC[C@H]1CNCc2c1[nH]c(=O)c(C#N)c2N1CCC(COCCOC)CC1"
"34121-2","CCC[C@H]1CNCc2c1[nH]c(=O)c(C#N)c2N(C)[C@H]1CCCC[C@H]1CO"
"2560-1","CCC[C@H]1CNCc2c1[nH]c(=O)c(C#N)c2CCN1CC(F)(F)C1"
"20760-2","CCC[C@H]1CNCc2c1[nH]c(=O)c(C#N)c2N1CCOC[C@@H]1c1ccccn1"
"3569-1","CCC[C@H]1CNCc2c1[nH]c(=O)c(C#N)c2N(C)C(C)(C)COC"
"10684-1","CCC[C@H]1CNCc2c1[nH]c(=O)c(C#N)c2N1CCC(c2ncccn2)CC1"
"3502-1","CCC[C@H]1CNCc2c1[nH]c(=O)c(C#N)c2N(C)CC1CC1"
"10913-2","CCC[C@H]1CNCc2c1[nH]c(=O)c(C#N)c2CC[C@@H](C)OC"
"17928-4","CCC[C@H]1CNCc2c1[nH]c(=O)c(C#N)c2N[C@@H](CO)[C@@H](C)CC"
"34551-1","CCC[C@H]1CNCc2c1[nH]c(=O)c(C#N)c2CC[C@H](C)CC(=O)N(C)C"
"40812-1","CCC[C@H]1CNCc2c1[nH]c(=O)c(C#N)c2NC(F)(F)F"
"31388-1","CCC[C@H]1CNCc2c1[nH]c(=O)c(C#N)c2C[C@@](C)(O)C(F)(F)F"
"20747-2","CCC[C@H]1CNCc2c1[nH]c(=O)c(C#N)c2N1CCO[C@H](C)[C@H]1CC"
"1364-1","CCC[C@H]1CNCc2c1[nH]c(=O)c(C#N)c2N(C)CC"
"41644-2","CCC[C@H]1CNCc2c1[nH]c(=O)c(C#N)c2N(C)[C@@H](C)c1nccs1"
"29641-1","CCC[C@H]1CNCc2c1[nH]c(=O)c(C#N)c2N(CC)CC1CC1"
"29872-1","CCC[C@H]1CNCc2c1[nH]c(=O)c(C#N)c2NC[C@@H](F)c1ccccc1"
"5035-1","CCC[C@H]1CNCc2c1[nH]c(=O)c(C#N)c2CCCOCC"
"43062-1","CCC[C@H]1CNCc2c1[nH]c(=O)c(C#N)c2NCc1cccc(OC(F)F)c1"
"17266-1","CCC[C@H]1CNCc2c1[nH]c(=O)c(C#N)c2N1CCC(C(=O)N2CCCC2)CC1"
"42068-1","CCC[C@H]1CNCc2c1[nH]c(=O)c(C#N)c2N(C)CC(C)(C)C"
"44391-1","CCC[C@H]1CNCc2c1[nH]c(=O)c(C#N)c2CC[C@H](OC)c1ccc(O)cc1"
"21300-1","CCC[C@H]1CNCc2c1[nH]c(=O)c(C#N)c2NCc1cc(C)nn1C"
"1610-1","CCC[C@H]1CNCc2c1[nH]c(=O)c(C#N)c2Nc1cc(O)cc(OC)c1"
"10715-2","CCC[C@H]1CNCc2c1[nH]c(=O)c(C#N)c2C[C@@H](C)CF"
"43645-1","CCC[C@H]1CNCc2c1[nH]c(=O)c(C#N)c2C[C@H]1CC[C@H](C(N)=O)CC1"
"30810-2","CCC[C@H]1CNCc2c1[nH]c(=O)c(C#N)c2N1CCC[C@H](CS(=O)(=O)N(C)C)C1"
"42433-2","CCC[C@H]1CNCc2c1[nH]c(=O)c(C#N)c2N(C)[C@@H](C)CCO"
"42158-1","CCC[C@H]1CNCc2c1[nH]c(=O)c(C#N)c2N(C)CCC(C)(C)O"
"26586-1","CCC[C@H]1CNCc2c1[nH]c(=O)c(C#N)c2N(C)C[C@H](C)OC"
"36078-2","CCC[C@H]1CNCc2c1[nH]c(=O)c(C#N)c2NC(=O)N1C[C@@H]2[C@H](CO)[C@@H]2C1"
"2739-1","CCC[C@H]1CNCc2c1[nH]c(=O)c(C#N)c2N1CCC(C[C@H](C)O)CC1"
"10758-1","CCC[C@H]1CNCc2c1[nH]c(=O)c(C#N)c2CCC(C)(C)C#N"
"6709-1","CCC[C@H]1CNCc2c1[nH]c(=O)c(C#N)c2CCCCF"
"3790-1","CCC[C@H]1CNCc2c1[nH]c(=O)c(C#N)c2NCCOCCOC"
"8423-1","CCC[C@H]1CNCc2c1[nH]c(=O)c(C#N)c2N1CCC(O)(C2CC2)CC1"
"24604-1","CCC[C@H]1CNCc2c1[nH]c(=O)c(C#N)c2NCc1cc(O)cc(OC)c1"
"18806-2","CCC[C@H](CC)Nc1c2c([nH]c(=O)c1C#N)[C@@H](CCC)CNC2"
"10715-1","CCC[C@H]1CNCc2c1[nH]c(=O)c(C#N)c2C[C@H](C)CF"
"40424-1","CCC[C@H]1CNCc2c1[nH]c(=O)c(C#N)c2C[C@H](C)CCF"
"18145-2","CCC[C@H]1CNCc2c1[nH]c(=O)c(C#N)c2CC[C@@H](O)C(C)C"
"26725-1","CCC[C@H]1CNCc2c1[nH]c(=O)c(C#N)c2NCCS(=O)(=O)c1ccccc1"
"5036-1","CCC[C@H]1CNCc2c1[nH]c(=O)c(C#N)c2CCCOC(C)C"
"11368-2","CCC[C@H]1CNCc2c1[nH]c(=O)c(C#N)c2N1CCN(c2ncccn2)C[C@@H]1C"
"41138-4","CCC[C@H]1CNCc2c1[nH]c(=O)c(C#N)c2C[C@H]1CCCC[C@@H]1O"
"5700-1","CCC[C@H]1CNCc2c1[nH]c(=O)c(C#N)c2NC(=O)C(C)(C)F"
"2739-2","CCC[C@H]1CNCc2c1[nH]c(=O)c(C#N)c2N1CCC(C[C@@H](C)O)CC1"
"21286-2","CCC[C@H]1CNCc2c1[nH]c(=O)c(C#N)c2N[C@@H](CC)[C@H](C)O"
"37443-2","CCC[C@H]1CNCc2c1[nH]c(=O)c(C#N)c2NCc1nc2ccccc2n1C"
"3326-1","CCC[C@H]1CNCc2c1[nH]c(=O)c(C#N)c2N(C)CCOC"
"34827-2","CCC[C@H]1CNCc2c1[nH]c(=O)c(C#N)c2N1CCC[C@H](C(=O)N2CCCC2)C1"
"3564-1","CCC[C@H]1CNCc2c1[nH]c(=O)c(C#N)c2N(C)CC1(C)COC1"
"15551-1","CCC[C@H]1CNCc2c1[nH]c(=O)c(C#N)c2N1CCC(COC)CC1"
"21317-1","CCC[C@H]1CNCc2c1[nH]c(=O)c(C#N)c2NCc1cnn(CC)c1"
"38256-1","CCC[C@H]1CNCc2c1[nH]c(=O)c(C#N)c2N[C@@H]1CCCC[C@]1(C)O"
"11440-1","CCC[C@H]1CNCc2c1[nH]c(=O)c(C#N)c2N(C)CCOCc1ccccc1"
"26803-1","CCC[C@H]1CNCc2c1[nH]c(=O)c(C#N)c2NC1(C)CCCC1"
"41299-1","CCC[C@H]1CNCc2c1[nH]c(=O)c(C#N)c2N(CCO)CC(C)C"
"38254-1","CCC[C@H]1CNCc2c1[nH]c(=O)c(C#N)c2N[C@@H]1CCC[C@]1(C)O"
"14528-2","CCC[C@H]1CNCc2c1[nH]c(=O)c(C#N)c2NC[C@H]1CCOC1"
"33849-1","CCC[C@H]1CNCc2c1[nH]c(=O)c(C#N)c2N(C)CCc1ccncc1"
"44610-1","CCC[C@H]1CNCc2c1[nH]c(=O)c(C#N)c2NC(=O)[C@H](C)OCC(F)(F)F"
"20730-2","CCC[C@H]1CNCc2c1[nH]c(=O)c(C#N)c2N1CCCOC[C@@H]1C"
"44666-2","CCC[C@H]1CNCc2c1[nH]c(=O)c(C#N)c2N[C@H]1CCCC[C@H]1F"
"15806-1","CCC[C@H]1CNCc2c1[nH]c(=O)c(C#N)c2NCC(C)(C)CO"
"44391-2","CCC[C@H]1CNCc2c1[nH]c(=O)c(C#N)c2CC[C@@H](OC)c1ccc(O)cc1"
"24935-1","CCC[C@H]1CNCc2c1[nH]c(=O)c(C#N)c2NC[C@@H]1CCCN(C(C)=O)C1"
"35996-1","CCC[C@H]1CNCc2c1[nH]c(=O)c(C#N)c2NCc1oc(C)nc1C"
"10315-2","CCC[C@H]1CNCc2c1[nH]c(=O)c(C#N)c2[C@@H](O)C(C)(C)CC"
"3534-2","CCC[C@H]1CNCc2c1[nH]c(=O)c(C#N)c2N(C)[C@@H](C)COC"
"34976-1","CCC[C@H]1CNCc2c1[nH]c(=O)c(C#N)c2[C@H](C)NC(=O)CC(C)C"
"39331-2","CCC[C@H]1CNCc2c1[nH]c(=O)c(C#N)c2C[C@H](F)COC"
"20726-1","CCC[C@H]1CNCc2c1[nH]c(=O)c(C#N)c2N1CC[C@@H](OC)C[C@H]1C"
"23802-1","CCC[C@H]1CNCc2c1[nH]c(=O)c(C#N)c2N1CCO[C@@H](c2ccno2)C1"
"3534-1","CCC[C@H]1CNCc2c1[nH]c(=O)c(C#N)c2N(C)[C@H](C)COC"
"17908-1","CCC[C@H]1CNCc2c1[nH]c(=O)c(C#N)c2N[C@H](CO)C(C)(C)C"
"9757-1","CCC[C@H]1CNCc2c1[nH]c(=O)c(C#N)c2N1CCC(n2cccc2)CC1"
"10504-6","CCC[C@H]1CNCc2c1[nH]c(=O)c(C#N)c2[C@@H](C)NC(=O)[C@@H]1C[C@@H]1C"
"21341-1","CCC[C@H]1CNCc2c1[nH]c(=O)c(C#N)c2NCc1cn(CC)nc1C"
"36090-1","CCC[C@H]1CNCc2c1[nH]c(=O)c(C#N)c2NCc1cccc(N(C)C)c1"
"33228-1","CCC[C@H]1CNCc2c1[nH]c(=O)c(C#N)c2NCC(=O)N(C)C1CCCC1"
"20702-6","CCC[C@H]1CNCc2c1[nH]c(=O)c(C#N)c2N1[C@H](C)CO[C@H]2CCC[C@H]21"
"29596-3","CCC[C@H]1CNCc2c1[nH]c(=O)c(C#N)c2N(C[C@H]1CCCO1)C[C@H]1CCCO1"
"5605-1","CCC[C@H]1CNCc2c1[nH]c(=O)c(C#N)c2NCCCCCCO"
"28182-1","CCC[C@H]1CNCc2c1[nH]c(=O)c(C#N)c2N1CCN(c2noc(C)n2)CC1"
"44002-4","CCC[C@H]1CNCc2c1[nH]c(=O)c(C#N)c2N(C)[C@@H](C)[C@@H](O)c1ccccc1"
"34827-1","CCC[C@H]1CNCc2c1[nH]c(=O)c(C#N)c2N1CCC[C@@H](C(=O)N2CCCC2)C1"
"40959-1","CCC[C@H]1CNCc2c1[nH]c(=O)c(C#N)c2NCCC(C)(C)O"
"18165-1","CCC[C@H]1CNCc2c1[nH]c(=O)c(C#N)c2CC[C@H](O)C(C)(C)C"
"43393-1","CCC[C@H]1CNCc2c1[nH]c(=O)c(C#N)c2CCCCC(=O)N(C)C"
"14593-2","CCC[C@H]1CNCc2c1[nH]c(=O)c(C#N)c2NCCN(C)Cc1cc(C)on1"
"20745-1","CCC[C@H]1CNCc2c1[nH]c(=O)c(C#N)c2N1CCN(C(=O)C2(F)CC2)C[C@H]1C"
"22035-1","CCC[C@H]1CNCc2c1[nH]c(=O)c(C#N)c2N1CCc2cnn(CC)c2C1"
"29834-3","CCC[C@H]1CNCc2c1[nH]c(=O)c(C#N)c2N[C@@H]1CCOC[C@@H]1C(F)(F)F"
"38555-1","CCC[C@H]1CNCc2c1[nH]c(=O)c(C#N)c2N1CC(Oc2cc(O)ccc2F)C1"
"127-1","CCC[C@H]1CNCc2c1[nH]c(=O)c(C#N)c2CC(C)C"
"42980-2","CCC[C@H]1CNCc2c1[nH]c(=O)c(C#N)c2N[C@@H](C)C(C)(C)C"
"5426-1","CCC[C@H]1CNCc2c1[nH]c(=O)c(C#N)c2CCC[C@@H](C)F"
"3037-1","CCC[C@H]1CNCc2c1[nH]c(=O)c(C#N)c2CCCCCC#N"
"29850-1","CCC[C@H]1CNCc2c1[nH]c(=O)c(C#N)c2N[C@@H]1CCOC[C@H]1CCC"
"22017-1","CCC[C@H]1CNCc2c1[nH]c(=O)c(C#N)c2N1CCc2nc(C)ncc2C1"
"35647-1","CCC[C@H]1CNCc2c1[nH]c(=O)c(C#N)c2N1CC(Oc2ccc(C)nc2)C1"
"41059-2","CCC[C@H]1CNCc2c1[nH]c(=O)c(C#N)c2N1CCN(C(C)=O)C[C@@H]1C(F)(F)F"
"27608-1","CCC[C@H]1CNCc2c1[nH]c(=O)c(C#N)c2N[C@H](CO)c1cccc(F)c1"
"38256-2","CCC[C@H]1CNCc2c1[nH]c(=O)c(C#N)c2N[C@H]1CCCC[C@]1(C)O"
"20771-1","CCC[C@H]1CNCc2c1[nH]c(=O)c(C#N)c2N1[C@H](C)CN(C(=O)CC)C[C@@H]1C"
"7264-1","CCC[C@H]1CNCc2c1[nH]c(=O)c(C#N)c2Nc1ccn(C)n1"
"15474-1","CCC[C@H]1CNCc2c1[nH]c(=O)c(C#N)c2N(C)Cc1cnn(C)c1"
"3687-1","CCC[C@H]1CNCc2c1[nH]c(=O)c(C#N)c2NCCN(C)C(=O)NC(C)C"
"29260-1","CCC[C@H]1CNCc2c1[nH]c(=O)c(C#N)c2N1CCN(Cc2ncco2)CC1"
"4659-1","CCC[C@H]1CNCc2c1[nH]c(=O)c(C#N)c2CCCCOC"
"1685-1","CCC[C@H]1CNCc2c1[nH]c(=O)c(C#N)c2NC1CCCCC1"
"15148-1","CCC[C@H]1CNCc2c1[nH]c(=O)c(C#N)c2N[C@@H]1CCCOCC1"
"26586-2","CCC[C@H]1CNCc2c1[nH]c(=O)c(C#N)c2N(C)C[C@@H](C)OC"
"20774-6","CCC[C@H]1CNCc2c1[nH]c(=O)c(C#N)c2N1C[C@H](C)O[C@H]2CCCC[C@H]21"
"29828-1","CCC[C@H]1CNCc2c1[nH]c(=O)c(C#N)c2N(CC)C1CCCC1"
"4558-2","CCC[C@H]1CNCc2c1[nH]c(=O)c(C#N)c2NC[C@H](C)F"
"10254-1","CCC[C@H]1CNCc2c1[nH]c(=O)c(C#N)c2CN(C)C(=O)C1CCCCC1"
"3118-1","CCC[C@H]1CNCc2c1[nH]c(=O)c(C#N)c2NCCC(C)C"
"26584-1","CCC[C@H]1CNCc2c1[nH]c(=O)c(C#N)c2N(C)CC1(C)CC1"
"17791-2","CCC[C@H]1CNCc2c1[nH]c(=O)c(C#N)c2N[C@@H](C)C(=O)Nc1nccs1"
"17901-2","CCC[C@H]1CNCc2c1[nH]c(=O)c(C#N)c2NC[C@](C)(CC)CO"
"29670-1","CCC[C@H]1CNCc2c1[nH]c(=O)c(C#N)c2N1CCN(C(=O)C2CCCC2)CC1"
"22-1","CCCc1c2c([nH]c(=O)c1C#N)[C@@H](CCC)CNC2"
"25912-1","CCC[C@H]1CNCc2c1[nH]c(=O)c(C#N)c2N1CCC(OCC)CC1"
"8152-1","CCC[C@H]1CNCc2c1[nH]c(=O)c(C#N)c2N(C)Cc1cccc(OC)c1"
"21981-1","CCC[C@H]1CNCc2c1[nH]c(=O)c(C#N)c2CCCC(=O)N(CC)CC"
"10187-1","CCC[C@H]1CNCc2c1[nH]c(=O)c(C#N)c2CCCOCCCOCCF"
"8991-1","CCC[C@H]1CNCc2c1[nH]c(=O)c(C#N)c2N(C)CC1(CO)CC1"
"10913-1","CCC[C@H]1CNCc2c1[nH]c(=O)c(C#N)c2CC[C@H](C)OC"
"3563-1","CCC[C@H]1CNCc2c1[nH]c(=O)c(C#N)c2N(C)C1(C)COC1"
"10757-1","CCC[C@H]1CNCc2c1[nH]c(=O)c(C#N)c2CC(C)(C)C#N"
"6805-1","CCC[C@H]1CNCc2c1[nH]c(=O)c(C#N)c2N[C@H](C)CC"
"37891-1","CCC[C@H]1CNCc2c1[nH]c(=O)c(C#N)c2CC[C@@H]1CC[C@@H](C)O1"
"29643-1","CCC[C@H]1CNCc2c1[nH]c(=O)c(C#N)c2N(CCC)Cc1ccccn1"
"9040-1","CCC[C@H]1CNCc2c1[nH]c(=O)c(C#N)c2N(C)CCCC#N"
"11786-1","CCC[C@H]1CNCc2c1[nH]c(=O)c(C#N)c2N[C@H](CO)C(C)C"
"4814-2","CCC[C@H]1CNCc2c1[nH]c(=O)c(C#N)c2CCC[C@@H](C)O"
"28735-1","CCC[C@H]1CNCc2c1[nH]c(=O)c(C#N)c2NCCC(=O)NC(C)(C)C"
"26746-1","CCC[C@H]1CNCc2c1[nH]c(=O)c(C#N)c2N[C@@H]1CCN(C(CF)CF)C1"
"41930-1","CCC[C@H]1CNCc2c1[nH]c(=O)c(C#N)c2N1CCN(C(=O)C2(C)CC2)CC1"
"12277-1","CCC[C@H]1CNCc2c1[nH]c(=O)c(C#N)c2NCc1nnc(-c2ccncc2)o1"
"38150-1","CCC[C@H]1CNCc2c1[nH]c(=O)c(C#N)c2N1Cc2[nH]ncc2[C@H]1C"
"42433-1","CCC[C@H]1CNCc2c1[nH]c(=O)c(C#N)c2N(C)[C@H](C)CCO"
"3553-1","CCC[C@H]1CNCc2c1[nH]c(=O)c(C#N)c2N(C)CC(F)F"
"20456-1","CCC[C@H]1CNCc2c1[nH]c(=O)c(C#N)c2N(CC(F)(F)F)C(C)(C)CO"
"33376-2","CCC[C@H]1CNCc2c1[nH]c(=O)c(C#N)c2CC[C@@H](O)c1ccc(OC)cc1"
"43630-1","CCC[C@H]1CNCc2c1[nH]c(=O)c(C#N)c2N(C)CCn1ccnc1"
"4148-1","CCC[C@H]1CNCc2c1[nH]c(=O)c(C#N)c2N(CCC)CCC"
"13537-1","CCC[C@H]1CNCc2c1[nH]c(=O)c(C#N)c2N[C@H]1CC[C@H](O)CC1"
"29198-2","CCC[C@H]1CNCc2c1[nH]c(=O)c(C#N)c2CC[C@@H](O)C(F)(F)F"
"27253-1","CCC[C@H]1CNCc2c1[nH]c(=O)c(C#N)c2N(CC(F)F)CC(F)F"
"2171-1","CCCc1[nH]cnc1CNc1c2c([nH]c(=O)c1C#N)[C@@H](CCC)CNC2"
"11298-1","CCC[C@H]1CNCc2c1[nH]c(=O)c(C#N)c2N1CCN(c2ncccn2)CC1"
"9998-1","CCC[C@H]1CNCc2c1[nH]c(=O)c(C#N)c2NCCCF"
"16315-1","CCC[C@H]1CNCc2c1[nH]c(=O)c(C#N)c2N(CC)CCC"
"8215-1","CCC[C@H]1CNCc2c1[nH]c(=O)c(C#N)c2NCCNc1ccc(OC)cc1"
"20699-1","CCC[C@H]1CNCc2c1[nH]c(=O)c(C#N)c2N(C)CC(C)(C)OC"
"23349-1","CCCCN(Cc1c2c([nH]c(=O)c1C#N)[C@@H](CCC)CNC2)C(C)=O"
"27566-1","CCC[C@H]1CNCc2c1[nH]c(=O)c(C#N)c2N1CCO[C@@H](C)[C@H]1C"
"24186-1","CCC[C@H]1CNCc2c1[nH]c(=O)c(C#N)c2N[C@@H]1CC[C@@H](C)C1"
"39859-1","CCC[C@H]1CNCc2c1[nH]c(=O)c(C#N)c2N(C)C(F)(F)F"
"44002-3","CCC[C@H]1CNCc2c1[nH]c(=O)c(C#N)c2N(C)[C@H](C)[C@@H](O)c1ccccc1"
"21308-1","CCC[C@H]1CNCc2c1[nH]c(=O)c(C#N)c2N1CCC(C2CCOCC2)CC1"
"30805-1","CCC[C@H]1CNCc2c1[nH]c(=O)c(C#N)c2N1CCC([C@H](O)CC)CC1"
"27657-1","CCC[C@H]1CNCc2c1[nH]c(=O)c(C#N)c2N(CC)Cc1ccco1"
"8858-2","CCC[C@H]1CNCc2c1[nH]c(=O)c(C#N)c2[C@@H](O)C(C)(C)C"
"2136-1","CCC[C@H]1CNCc2c1[nH]c(=O)c(C#N)c2NCc1cccc(N)c1"
"2141-1","CCC[C@H]1CNCc2c1[nH]c(=O)c(C#N)c2NCc1nc(CC)[nH]c1C"
"182-1","CCC[C@H]1CNCc2c1[nH]c(=O)c(C#N)c2N(C)C"
"20774-1","CCC[C@H]1CNCc2c1[nH]c(=O)c(C#N)c2N1C[C@@H](C)O[C@H]2CCCC[C@@H]21"
"10839-2","CCC[C@H]1CNCc2c1[nH]c(=O)c(C#N)c2C[C@H]1CCO1"
"10935-1","CCC[C@H]1CNCc2c1[nH]c(=O)c(C#N)c2NCc1cccnc1OC"
"3846-1","CCC[C@H]1CNCc2c1[nH]c(=O)c(C#N)c2N[C@H](CO)c1ccccc1"
"3439-1","CCC[C@H]1CNCc2c1[nH]c(=O)c(C#N)c2NCCc1ccc(OC)cc1OC"
"22034-1","CCC[C@H]1CNCc2c1[nH]c(=O)c(C#N)c2N1CCc2cc(OC)ncc2C1"
"44523-2","CCC[C@H]1CNCc2c1[nH]c(=O)c(C#N)c2N1CCC[C@H](c2ncccn2)C1"
"15335-1","CCC[C@H]1CNCc2c1[nH]c(=O)c(C#N)c2N(C)Cc1nccs1"
"9412-1","CCC[C@H]1CNCc2c1[nH]c(=O)c(C#N)c2N(CCC)CCO"
"18158-1","CCC[C@H]1CNCc2c1[nH]c(=O)c(C#N)c2CC[C@H](OC)C(C)C"
"20797-4","CCC[C@H]1CNCc2c1[nH]c(=O)c(C#N)c2N1CCN(C(C)=O)[C@@H]2CCC[C@H]21"
"35181-3","CCC[C@H]1CNCc2c1[nH]c(=O)c(C#N)c2N[C@@H]1[C@H]2CC[C@H](C2)[C@H]1CO"
"16629-4","CCC[C@H]1CNCc2c1[nH]c(=O)c(C#N)c2NC[C@H]1CC[C@H](O)C1"
"21314-1","CCC[C@H]1CNCc2c1[nH]c(=O)c(C#N)c2NCc1nc(C)cs1"
"44693-2","CCC[C@H]1CNCc2c1[nH]c(=O)c(C#N)c2[C@@H](C)NC(=O)C[C@H](C)CC"
"16395-1","CCC[C@H]1CNCc2c1[nH]c(=O)c(C#N)c2OC1(C)CCC1"
"17039-1","CCC[C@H]1CNCc2c1[nH]c(=O)c(C#N)c2NCc1ccc2c(c1)OCCO2"
"39865-1","CCC[C@H]1CNCc2c1[nH]c(=O)c(C#N)c2NCc1ccno1"
"27607-2","CCC[C@H]1CNCc2c1[nH]c(=O)c(C#N)c2N[C@@H](CO)c1ccc(F)cc1"
"13537-2","CCC[C@H]1CNCc2c1[nH]c(=O)c(C#N)c2N[C@H]1CC[C@@H](O)CC1"
"15650-1","CCC[C@H]1CNCc2c1[nH]c(=O)c(C#N)c2NCc1cc(C)on1"
"19019-1","CCC[C@H]1CNCc2c1[nH]c(=O)c(C#N)c2NC1CCN(C2COC2)CC1"
"17313-1","CCC[C@H]1CNCc2c1[nH]c(=O)c(C#N)c2N[C@H](C)C(C)C"
"35181-6","CCC[C@H]1CNCc2c1[nH]c(=O)c(C#N)c2N[C@H]1[C@@H]2CC[C@@H](C2)[C@@H]1CO"
"14828-1","CCC[C@H]1CNCc2c1[nH]c(=O)c(C#N)c2N(C)CC(C)(C)O"
"3685-1","CCC[C@H]1CNCc2c1[nH]c(=O)c(C#N)c2NCCCNC(=O)NC(C)C"
"42020-1","CCC[C@H]1CNCc2c1[nH]c(=O)c(C#N)c2N1CCN(c2ccccc2)C(=O)C1"
"25915-1","CCC[C@H]1CNCc2c1[nH]c(=O)c(C#N)c2N1CCN(c2cccnc2)CC1"
"1917-1","CCC[C@H]1CNCc2c1[nH]c(=O)c(C#N)c2C[C@@H](C)F"
"27689-1","CCC[C@H]1CNCc2c1[nH]c(=O)c(C#N)c2N(C)CCCNC(=O)N(C)C"
"2330-2","CCC[C@H]1CNCc2c1[nH]c(=O)c(C#N)c2C[C@H]1CCCOC1"
"4616-1","CCC[C@H]1CNCc2c1[nH]c(=O)c(C#N)c2CCCCCCO"
"20312-1","CCC[C@H]1CNCc2c1[nH]c(=O)c(C#N)c2CC1(CO)CCCCC1"
"39208-1","CCC[C@H]1CNCc2c1[nH]c(=O)c(C#N)c2CCC1(O)CCOCC1"
"36278-3","CCC[C@H]1CNCc2c1[nH]c(=O)c(C#N)c2N(C)[C@@H]1CCOC[C@@H]1OC"
"21315-1","CCC[C@H]1CNCc2c1[nH]c(=O)c(C#N)c2N(C)Cc1cn(C)nc1C"
"5357-1","CCC[C@H]1CNCc2c1[nH]c(=O)c(C#N)c2NCc1ccc(OC)c(O)c1"
"28216-1","CCC[C@H]1CNCc2c1[nH]c(=O)c(C#N)c2N(C)CCc1cccnc1"
"22925-1","CCC[C@H]1CNCc2c1[nH]c(=O)c(C#N)c2CN(CCOC)[C@@H]1CCOC1"
"27635-1","CCC[C@H]1CNCc2c1[nH]c(=O)c(C#N)c2N1CCc2ncn(C)c2CC1"
"37888-1","CCC[C@H]1CNCc2c1[nH]c(=O)c(C#N)c2NCc1ncc(C)o1"
"38556-2","CCC[C@H]1CNCc2c1[nH]c(=O)c(C#N)c2N1CC[C@H](Oc2ccccc2O)C1"
"21286-4","CCC[C@H]1CNCc2c1[nH]c(=O)c(C#N)c2N[C@@H](CC)[C@@H](C)O"
"5675-1","CCC[C@H]1CNCc2c1[nH]c(=O)c(C#N)c2CCCC(C)(C)O"
"30137-2","CCC[C@H]1CNCc2c1[nH]c(=O)c(C#N)c2N(C)[C@H]1CC[C@@H](O)CC1"
"16400-1","CCC[C@H]1CNCc2c1[nH]c(=O)c(C#N)c2N(C)Cc1cncs1"
"32276-2","CCCC[C@@H](O)[C@H](C)Cc1c2c([nH]c(=O)c1C#N)[C@@H](CCC)CNC2"
"11372-1","CCC[C@H]1CNCc2c1[nH]c(=O)c(C#N)c2N1CCN(c2cnccn2)CC1"
"5803-2","CCC[C@H]1CNCc2c1[nH]c(=O)c(C#N)c2CC[C@H]1CCCO1"
"27611-2","CCC[C@H]1CNCc2c1[nH]c(=O)c(C#N)c2N[C@@H](CO)c1ccccc1F"
"30810-1","CCC[C@H]1CNCc2c1[nH]c(=O)c(C#N)c2N1CCC[C@@H](CS(=O)(=O)N(C)C)C1"
"5426-2","CCC[C@H]1CNCc2c1[nH]c(=O)c(C#N)c2CCC[C@H](C)F"
"29853-3","CCC[C@H]1CNCc2c1[nH]c(=O)c(C#N)c2N[C@@H]1CC[C@H](O)c2ccccc21"
"18910-1","CCC[C@H]1CNCc2c1[nH]c(=O)c(C#N)c2CCC[C@H](O)c1ccc(O)cc1"
"27580-1","CCC[C@H]1CNCc2c1[nH]c(=O)c(C#N)c2N(CCOC)CC(F)F"
"22011-1","CCC[C@H]1CNCc2c1[nH]c(=O)c(C#N)c2N1CC[C@@](C)(NC)C1"
"37891-2","CCC[C@H]1CNCc2c1[nH]c(=O)c(C#N)c2CC[C@H]1CC[C@@H](C)O1"
"1433-1","CCC[C@H]1CNCc2c1[nH]c(=O)c(C#N)c2CCCF"
"40493-1","CCC[C@H]1CNCc2c1[nH]c(=O)c(C#N)c2CC1CCN(C(=O)C(C)C)CC1"
"4433-1","CCC[C@H]1CNCc2c1[nH]c(=O)c(C#N)c2CCCc1cccnc1"
"29840-1","CCC[C@H]1CNCc2c1[nH]c(=O)c(C#N)c2N1CCC(c2ccnnc2)CC1"
"5392-1","CCC[C@H]1CNCc2c1[nH]c(=O)c(C#N)c2CCCCCCC#N"
"18296-4","CCC[C@H]1CNCc2c1[nH]c(=O)c(C#N)c2N(C)[C@H]1CCCC[C@@H]1O"
"16403-1","CCC[C@H]1CNCc2c1[nH]c(=O)c(C#N)c2N(C)Cc1cscn1"
"15343-1","CCC[C@H]1CNCc2c1[nH]c(=O)c(C#N)c2NCC1(F)CCOCC1"
"33347-1","CCC[C@H]1CNCc2c1[nH]c(=O)c(C#N)c2N(CC)Cc1ccccn1"
"21342-1","CCC[C@H]1CNCc2c1[nH]c(=O)c(C#N)c2N(CC)Cc1cnn(C)c1"
"20760-1","CCC[C@H]1CNCc2c1[nH]c(=O)c(C#N)c2N1CCOC[C@H]1c1ccccn1"
"3846-2","CCC[C@H]1CNCc2c1[nH]c(=O)c(C#N)c2N[C@@H](CO)c1ccccc1"
"27654-1","CCC[C@H]1CNCc2c1[nH]c(=O)c(C#N)c2N(CC)CCCC#N"
"37884-2","CCC[C@H]1CNCc2c1[nH]c(=O)c(C#N)c2NCc1ccncc1C"
"39667-1","CCC[C@H]1CNCc2c1[nH]c(=O)c(C#N)c2NCC(=O)Nc1ncccc1C"
"30432-1","CCC[C@H]1CNCc2c1[nH]c(=O)c(C#N)c2[C@@H]1CCCC[C@]1(C)O"
"20730-1","CCC[C@H]1CNCc2c1[nH]c(=O)c(C#N)c2N1CCCOC[C@H]1C"
"36278-1","CCC[C@H]1CNCc2c1[nH]c(=O)c(C#N)c2N(C)[C@@H]1CCOC[C@H]1OC"
"30724-1","CCC[C@H]1CNCc2c1[nH]c(=O)c(C#N)c2NCCC(=O)N(C)C(C)C"
"3177-1","CCC[C@H]1CNCc2c1[nH]c(=O)c(C#N)c2NC1CCC1"
"44904-2","CCC[C@H]1CNCc2c1[nH]c(=O)c(C#N)c2N1Cc2cn[nH]c2[C@@H]1C"
"7511-4","CCC[C@H]1CNCc2c1[nH]c(=O)c(C#N)c2NC(=O)[C@H]1C[C@@H]1C"
"33211-2","CCC[C@H]1CNCc2c1[nH]c(=O)c(C#N)c2NCC(=O)N1[C@H](C)CC[C@H]1C"
"19264-1","CCC[C@H]1CNCc2c1[nH]c(=O)c(C#N)c2N(CC)CCC#N"
"3216-1","CCC[C@H]1CNCc2c1[nH]c(=O)c(C#N)c2N1CCN(Cc2ccccn2)CC1"
"16833-1","CCC[C@H]1CNCc2c1[nH]c(=O)c(C#N)c2CN(CC)C(=O)C1CC1"
"29535-4","CCC[C@H]1CNCc2c1[nH]c(=O)c(C#N)c2CN1C[C@H](C)OC[C@@H]1C"
"17754-1","CCC[C@H]1CNCc2c1[nH]c(=O)c(C#N)c2NCC1CCCC1"
"37891-3","CCC[C@H]1CNCc2c1[nH]c(=O)c(C#N)c2CC[C@@H]1CC[C@H](C)O1"
"38093-1","CCC[C@H]1CNCc2c1[nH]c(=O)c(C#N)c2C[C@@]1(O)C[C@@H](C)O[C@@H](C)C1"
"16601-3","CCC[C@H]1CNCc2c1[nH]c(=O)c(C#N)c2N[C@@]1(C)CCC[C@@H]1CO"
"15297-1","CCC[C@H]1CNCc2c1[nH]c(=O)c(C#N)c2NCc1ccc(O)c(OC)c1"
"16598-4","CCC[C@H]1CNCc2c1[nH]c(=O)c(C#N)c2N[C@H]1CCCC[C@@H]1CO"
"16346-1","CCC[C@H]1CNCc2c1[nH]c(=O)c(C#N)c2NCc1cncs1"
"8273-1","CCC[C@H]1CNCc2c1[nH]c(=O)c(C#N)c2NC(=O)[C@@H]1CCCOC1"
"10499-1","CCC[C@H]1CNCc2c1[nH]c(=O)c(C#N)c2[C@H](C)NC(=O)C1(C)CC1"
"35651-1","CCC[C@H]1CNCc2c1[nH]c(=O)c(C#N)c2N1CCC(Oc2cccnc2)CC1"
"24546-2","CCC[C@H]1CNCc2c1[nH]c(=O)c(C#N)c2NC[C@@H](O)C(C)(C)C"
"27560-1","CCC[C@H]1CNCc2c1[nH]c(=O)c(C#N)c2N1CCO[C@@H](c2ccc(N)cc2)C1"
"15847-2","CCC[C@H]1CNCc2c1[nH]c(=O)c(C#N)c2N[C@@H](C)CCC"
"3100-1","CCC[C@H]1CNCc2c1[nH]c(=O)c(C#N)c2NCc1cccc(OC)c1"
"14127-2","CCC[C@H]1CNCc2c1[nH]c(=O)c(C#N)c2N[C@H]1CCC[C@@H](O)C1"
"16629-1","CCC[C@H]1CNCc2c1[nH]c(=O)c(C#N)c2NC[C@@H]1CC[C@@H](O)C1"
"3494-1","CCC[C@H]1CNCc2c1[nH]c(=O)c(C#N)c2NCC(F)(F)F"
"23087-1","CCC[C@H]1CNCc2c1[nH]c(=O)c(C#N)c2NCc1ccnc(OC)c1"
"3514-1","CCC[C@H]1CNCc2c1[nH]c(=O)c(C#N)c2N(C)C1COC1"
"20714-3","CCC[C@H]1CNCc2c1[nH]c(=O)c(C#N)c2N1C[C@@H](C)O[C@@H]2CCOC[C@@H]21"
"4558-1","CCC[C@H]1CNCc2c1[nH]c(=O)c(C#N)c2NC[C@@H](C)F"
"1604-1","CCC[C@H]1CNCc2c1[nH]c(=O)c(C#N)c2NCc1cccnc1"
"17919-1","CCC[C@H]1CNCc2c1[nH]c(=O)c(C#N)c2NC(CF)CF"
"19259-1","CCC[C@H]1CNCc2c1[nH]c(=O)c(C#N)c2N(C)CCCOC"
"24906-1","CCC[C@H]1CNCc2c1[nH]c(=O)c(C#N)c2[C@H](C)NC(=O)C(C)C"
"2895-1","CCC[C@H]1CNCc2c1[nH]c(=O)c(C#N)c2CCCOC"
"20771-2","CCC[C@H]1CNCc2c1[nH]c(=O)c(C#N)c2N1[C@H](C)CN(C(=O)CC)C[C@H]1C"
"15463-1","CCC[C@H]1CNCc2c1[nH]c(=O)c(C#N)c2N[C@H](C)c1ccncc1"
"42976-1","CCC[C@H]1CNCc2c1[nH]c(=O)c(C#N)c2N(CC)C[C@H](C)O"
"44693-3","CCC[C@H]1CNCc2c1[nH]c(=O)c(C#N)c2[C@H](C)NC(=O)C[C@@H](C)CC"
"30778-2","CCC[C@H]1CNCc2c1[nH]c(=O)c(C#N)c2N1CCC[C@H](OCCOC)C1"
"31151-1","CCC[C@H]1CNCc2c1[nH]c(=O)c(C#N)c2CCCOC1CCOCC1"
"20717-1","CCC[C@H]1CNCc2c1[nH]c(=O)c(C#N)c2N(CCC)CCOC"
"20798-1","CCC[C@H]1CNCc2c1[nH]c(=O)c(C#N)c2N(C)[C@@H]1COC[C@H]1OC"
"17434-1","CCC[C@H]1CNCc2c1[nH]c(=O)c(C#N)c2NCCCOCC"
"36965-1","CCC[C@H]1CNCc2c1[nH]c(=O)c(C#N)c2N1CC=C(c2ncccn2)CC1"
"27578-1","CCC[C@H]1CNCc2c1[nH]c(=O)c(C#N)c2N(CC)CC(F)(F)F"
"20693-1","CCC[C@H]1CNCc2c1[nH]c(=O)c(C#N)c2N1CCOC[C@H]1c1ccccc1"
"13591-2","CCC[C@H]1CNCc2c1[nH]c(=O)c(C#N)c2N[C@@H](C)C(C)(C)O"
"8340-1","CCC[C@H]1CNCc2c1[nH]c(=O)c(C#N)c2OCCCCn1ccc(=O)[nH]c1=O"
"29535-3","CCC[C@H]1CNCc2c1[nH]c(=O)c(C#N)c2CN1C[C@@H](C)OC[C@@H]1C"
"21301-1","CCC[C@H]1CNCc2c1[nH]c(=O)c(C#N)c2N(C)Cc1cncn1C"
"18158-2","CCC[C@H]1CNCc2c1[nH]c(=O)c(C#N)c2CC[C@@H](OC)C(C)C"
"11351-1","CCC[C@H]1CNCc2c1[nH]c(=O)c(C#N)c2N1CCN(c2nccs2)CC1"
"33362-2","CCC[C@H]1CNCc2c1[nH]c(=O)c(C#N)c2CC[C@@H](O)c1ccc(O)cc1"
"30781-1","CCC[C@H]1CNCc2c1[nH]c(=O)c(C#N)c2N1CCC(Cc2ncccn2)CC1"
"42976-2","CCC[C@H]1CNCc2c1[nH]c(=O)c(C#N)c2N(CC)C[C@@H](C)O"
"11344-2","CCC[C@H]1CNCc2c1[nH]c(=O)c(C#N)c2N(CC1CC1)C[C@H]1CCCO1"
"2330-1","CCC[C@H]1CNCc2c1[nH]c(=O)c(C#N)c2C[C@@H]1CCCOC1"
"42598-1","CCC[C@H]1CNCc2c1[nH]c(=O)c(C#N)c2N[C@H](C(N)=O)C1CCCCC1"
"27554-1","CCC[C@H]1CNCc2c1[nH]c(=O)c(C#N)c2N(C)Cc1nc(C)co1"
"17315-1","CCC[C@H]1CNCc2c1[nH]c(=O)c(C#N)c2NCCCc1ccccc1O"
"29657-1","CCC[C@H]1CNCc2c1[nH]c(=O)c(C#N)c2N(CC)CCC1CC1"
"29655-1","CCC[C@H]1CNCc2c1[nH]c(=O)c(C#N)c2N(CCC)Cc1ccco1"
"27507-2","CCC[C@H]1CNCc2c1[nH]c(=O)c(C#N)c2N[C@H]1CC12CCOCC2"
"16339-1","CCC[C@H]1CNCc2c1[nH]c(=O)c(C#N)c2NC[C@@H]1CCCOC1"
"30369-1","CCC[C@H]1CNCc2c1[nH]c(=O)c(C#N)c2CCC1CCN(C(=O)N(C)C)CC1"
"18914-1","CCC[C@H]1CNCc2c1[nH]c(=O)c(C#N)c2CCC(F)(F)C(C)(C)O"
"42172-1","CCCC[C@@H](c1c2c([nH]c(=O)c1C#N)[C@@H](CCC)CNC2)N1CCOCC1"
"21488-2","CCC[C@H]1CNCc2c1[nH]c(=O)c(C#N)c2N[C@@H](C)c1cccnc1"
"29099-1","CCC[C@H]1CNCc2c1[nH]c(=O)c(C#N)c2C[C@H]1CC[C@H](CO)CC1"
"37893-1","CCC[C@H]1CNCc2c1[nH]c(=O)c(C#N)c2CC[C@@]1(C)CCCO1"
"14990-1","CCC[C@H]1CNCc2c1[nH]c(=O)c(C#N)c2N(C)CC1CCN(S(C)(=O)=O)CC1"
"25911-1","CCC[C@H]1CNCc2c1[nH]c(=O)c(C#N)c2N1CCC2(CCN(C)C2=O)CC1"
"16343-1","CCC[C@H]1CNCc2c1[nH]c(=O)c(C#N)c2N[C@H](C)C(F)(F)F"
"27396-2","CCC[C@H]1CNCc2c1[nH]c(=O)c(C#N)c2N[C@@H](C)c1nccs1"
"907-2","CCC[C@H]1CNCc2c1[nH]c(=O)c(C#N)c2C[C@@H](C)[C@H](O)c1ccc(O)cc1"
"24454-1","CCC[C@H]1CNCc2c1[nH]c(=O)c(C#N)c2OCCc1cccc(O)c1"
"27644-1","CCC[C@@H]1CCN(c2c3c([nH]c(=O)c2C#N)[C@@H](CCC)CNC3)C1"
"17908-2","CCC[C@H]1CNCc2c1[nH]c(=O)c(C#N)c2N[C@@H](CO)C(C)(C)C"
"35489-2","CCC[C@H]1CNCc2c1[nH]c(=O)c(C#N)c2N[C@@H](C)c1ccnc(OC)c1"
"38556-1","CCC[C@H]1CNCc2c1[nH]c(=O)c(C#N)c2N1CC[C@@H](Oc2ccccc2O)C1"
"27610-1","CCC[C@H]1CNCc2c1[nH]c(=O)c(C#N)c2N[C@H](CO)c1ccc(F)c(F)c1"
"17928-2","CCC[C@H]1CNCc2c1[nH]c(=O)c(C#N)c2N[C@@H](CO)[C@H](C)CC"
"30362-1","CCCC(=O)N1CCC(CCc2c3c([nH]c(=O)c2C#N)[C@@H](CCC)CNC3)CC1"
"17926-1","CCC[C@H]1CNCc2c1[nH]c(=O)c(C#N)c2NC1(CO)CCCCC1"
"16598-3","CCC[C@H]1CNCc2c1[nH]c(=O)c(C#N)c2N[C@@H]1CCCC[C@@H]1CO"
"41747-2","CCC[C@H]1CNCc2c1[nH]c(=O)c(C#N)c2N[C@@H](C#N)CC(C)C"
"3845-1","CCC[C@H]1CNCc2c1[nH]c(=O)c(C#N)c2NCCc1ccccn1"
"5803-1","CCC[C@H]1CNCc2c1[nH]c(=O)c(C#N)c2CC[C@@H]1CCCO1"
"42554-2","CCCC(=O)N[C@H]1CCN(c2c3c([nH]c(=O)c2C#N)[C@@H](CCC)CNC3)C1"
"2329-1","CCC[C@H]1CNCc2c1[nH]c(=O)c(C#N)c2CC1(O)CCCCC1"
"16836-1","CCC[C@H]1CNCc2c1[nH]c(=O)c(C#N)c2CN1CCOC(C)(C)C1"
"17917-2","CCC[C@H]1CNCc2c1[nH]c(=O)c(C#N)c2N[C@@H](C)CCOC"
"23487-1","CCC[C@H]1CNCc2c1[nH]c(=O)c(C#N)c2N1CCC[C@@H](C(=O)NC)C1"
"35991-2","CCC[C@H]1CNCc2c1[nH]c(=O)c(C#N)c2N[C@H]1CC[C@@H](CO)CC1"
"38152-2","CCC[C@H]1CNCc2c1[nH]c(=O)c(C#N)c2N1Cc2cn[nH]c2[C@@H]1CC"
"16635-3","CCC[C@H]1CNCc2c1[nH]c(=O)c(C#N)c2NC[C@@H]1CC[C@](C)(O)C1"
"16318-1","CCC[C@H]1CNCc2c1[nH]c(=O)c(C#N)c2N(C)C(CC)CC"
"37442-1","CCC[C@H]1CNCc2c1[nH]c(=O)c(C#N)c2N1CCc2c(cnn2C(C)C)C1"
"19321-1","CCC[C@H]1CNCc2c1[nH]c(=O)c(C#N)c2N(C)CCC1(O)CCCC1"
"14127-1","CCC[C@H]1CNCc2c1[nH]c(=O)c(C#N)c2N[C@@H]1CCC[C@@H](O)C1"
"1524-1","CCC[C@H]1CNCc2c1[nH]c(=O)c(C#N)c2NCc1ccc[nH]1"
"33211-3","CCC[C@H]1CNCc2c1[nH]c(=O)c(C#N)c2NCC(=O)N1[C@@H](C)CC[C@@H]1C"
"3541-1","CCC[C@H]1CNCc2c1[nH]c(=O)c(C#N)c2N(C)C(C)(C)C"
"15816-4","CCC[C@H]1CNCc2c1[nH]c(=O)c(C#N)c2N[C@H]1CCC[C@@H]1CO"
"27168-4","CCC[C@H]1CNCc2c1[nH]c(=O)c(C#N)c2N1C[C@H]2[C@@H](C1=O)[C@H]1C=C[C@@H]2C1"
"20697-1","CCCC(=O)N1C[C@@H](C)N(c2c3c([nH]c(=O)c2C#N)[C@@H](CCC)CNC3)[C@@H](C)C1"
"14696-2","CCC[C@H]1CNCc2c1[nH]c(=O)c(C#N)c2N[C@@H](CC)c1nc(C)no1"
"10504-8","CCC[C@H]1CNCc2c1[nH]c(=O)c(C#N)c2[C@@H](C)NC(=O)[C@H]1C[C@@H]1C"
"27618-1","CCC[C@H]1CNCc2c1[nH]c(=O)c(C#N)c2NCC(=O)NC1CCCCC1"
"16270-1","CCC[C@H]1CNCc2c1[nH]c(=O)c(C#N)c2N(C)Cc1cc(OC)cc(OC)c1"
"27620-1","CCC[C@H]1CNCc2c1[nH]c(=O)c(C#N)c2N1CCCC12COC2"
"17905-1","CCC[C@H]1CNCc2c1[nH]c(=O)c(C#N)c2NC1(C)CCC1"
"7511-1","CCC[C@H]1CNCc2c1[nH]c(=O)c(C#N)c2NC(=O)[C@@H]1C[C@H]1C"
"15694-1","CCC[C@H]1CNCc2c1[nH]c(=O)c(C#N)c2NCc1cc(C)no1"
"41321-1","CCC[C@H]1CNCc2c1[nH]c(=O)c(C#N)c2CCCNCC(F)(F)F"
"19265-1","CCC[C@H]1CNCc2c1[nH]c(=O)c(C#N)c2N(C)C[C@@H]1CCCO1"
"38113-1","CCC[C@H]1CNCc2c1[nH]c(=O)c(C#N)c2N(C)Cc1ccnc(C)c1"
"17492-1","CCC[C@H]1CNCc2c1[nH]c(=O)c(C#N)c2NCc1ccnn1-c1ccccc1"
"27581-1","CCC[C@H]1CNCc2c1[nH]c(=O)c(C#N)c2N(C)CCOC(C)(C)C"
"21324-1","CCC[C@H]1CNCc2c1[nH]c(=O)c(C#N)c2N(C)Cc1ccnn1C"
"3570-1","CCC[C@H]1CNCc2c1[nH]c(=O)c(C#N)c2NCC1(C)COC1"
"18797-1","CCC[C@H]1CNCc2c1[nH]c(=O)c(C#N)c2N(CC)CCOC"
"10632-1","CCCCNC(=O)C1CCN(c2c3c([nH]c(=O)c2C#N)[C@@H](CCC)CNC3)CC1"
"14058-1","CCC[C@H]1CNCc2c1[nH]c(=O)c(C#N)c2NCc1cn[nH]c1"
"15847-1","CCC[C@H]1CNCc2c1[nH]c(=O)c(C#N)c2N[C@H](C)CCC"
"12104-1","CCC[C@H]1CNCc2c1[nH]c(=O)c(C#N)c2NC(=O)NCCOC"
"10001-1","CCC[C@H]1CNCc2c1[nH]c(=O)c(C#N)c2N[C@H](CO)Cc1ccc(O)cc1"
"44503-2","CCC[C@H]1CNCc2c1[nH]c(=O)c(C#N)c2N1CCCC[C@@H]1C(=O)N1CCCC1"
"26782-1","CCC[C@H]1CNCc2c1[nH]c(=O)c(C#N)c2NC[C@@H]1CC=CCC1"
"907-1","CCC[C@H]1CNCc2c1[nH]c(=O)c(C#N)c2C[C@H](C)[C@H](O)c1ccc(O)cc1"
"27579-2","CCC[C@H]1CNCc2c1[nH]c(=O)c(C#N)c2N(CCC#N)C[C@H]1CCCO1"
"9910-1","CCC[C@H]1CNCc2c1[nH]c(=O)c(C#N)c2N(CCC)CC1CC1"
"42436-1","CCC[C@H]1CNCc2c1[nH]c(=O)c(C#N)c2N(CCC)CCF"
"25835-1","CCC[C@H]1CNCc2c1[nH]c(=O)c(C#N)c2NCCCNC(=O)C1CCCC1"
"39844-1","CCC[C@H]1CNCc2c1[nH]c(=O)c(C#N)c2NCc1occc1C"
"29535-2","CCC[C@H]1CNCc2c1[nH]c(=O)c(C#N)c2CN1C[C@H](C)OC[C@H]1C"
"11210-1","CCC[C@H]1CNCc2c1[nH]c(=O)c(C#N)c2NC(=O)NC(C)C"
"35489-1","CCC[C@H]1CNCc2c1[nH]c(=O)c(C#N)c2N[C@H](C)c1ccnc(OC)c1"
"44666-3","CCC[C@H]1CNCc2c1[nH]c(=O)c(C#N)c2N[C@@H]1CCCC[C@@H]1F"
"18860-1","CCC[C@H]1CNCc2c1[nH]c(=O)c(C#N)c2N(C)Cc1cccn1C"
"14110-2","CCC[C@H]1CNCc2c1[nH]c(=O)c(C#N)c2N[C@H]1CC[C@@H](C(C)(C)O)CC1"
"29872-2","CCC[C@H]1CNCc2c1[nH]c(=O)c(C#N)c2NC[C@H](F)c1ccccc1"
"39175-1","CCC[C@H]1CNCc2c1[nH]c(=O)c(C#N)c2N1CCCC[C@H]1C#N"
"22011-2","CCC[C@H]1CNCc2c1[nH]c(=O)c(C#N)c2N1CC[C@](C)(NC)C1"
"24608-2","CCC[C@H]1CNCc2c1[nH]c(=O)c(C#N)c2NC[C@@H](O)c1ccc(F)cc1"
"16343-2","CCC[C@H]1CNCc2c1[nH]c(=O)c(C#N)c2N[C@@H](C)C(F)(F)F"
"2162-1","CCC[C@H]1CNCc2c1[nH]c(=O)c(C#N)c2NCc1ccco1"
"7305-1","CCC[C@H]1CNCc2c1[nH]c(=O)c(C#N)c2NC(=O)CC(C)C"
"3438-1","CCC[C@H]1CNCc2c1[nH]c(=O)c(C#N)c2NC1CC1"
"39967-2","CCC[C@H]1CNCc2c1[nH]c(=O)c(C#N)c2N[C@@H]1[C@@H]2COC[C@@H]21"
"2142-2","CCC[C@H]1CNCc2c1[nH]c(=O)c(C#N)c2N[C@@H](C)c1ccccn1"
"41538-2","CCC[C@H]1CNCc2c1[nH]c(=O)c(C#N)c2N[C@H]1CCCN(C(CF)CF)C1"
"15803-1","CCC[C@H]1CNCc2c1[nH]c(=O)c(C#N)c2NC1CCN(C(=O)NCC)CC1"
"3793-1","CCC[C@H]1CNCc2c1[nH]c(=O)c(C#N)c2N(CC)C(C)C"
"24938-2","CCC[C@H]1CNCc2c1[nH]c(=O)c(C#N)c2NC[C@H]1CC[C@@H](O)CC1"
"27644-2","CCC[C@H]1CCN(c2c3c([nH]c(=O)c2C#N)[C@@H](CCC)CNC3)C1"
"9007-1","CCC[C@H]1CNCc2c1[nH]c(=O)c(C#N)c2NCCCCOC"
"24427-1","CCC[C@H]1CNCc2c1[nH]c(=O)c(C#N)c2OCCCOc1cccc(O)c1"
"19260-2","CCC[C@H]1CNCc2c1[nH]c(=O)c(C#N)c2N(C)[C@H]1CCCOC1"
"35181-4","CCC[C@H]1CNCc2c1[nH]c(=O)c(C#N)c2N[C@H]1[C@H]2CC[C@H](C2)[C@H]1CO"
"3446-1","CCC[C@H]1CNCc2c1[nH]c(=O)c(C#N)c2NCc1ccoc1"
"35182-2","CCC[C@H]1CNCc2c1[nH]c(=O)c(C#N)c2N[C@@H](CO)C1CCCCC1"
"11363-1","CCC[C@H]1CNCc2c1[nH]c(=O)c(C#N)c2N1CCN(c2nccc(C)n2)CC1"
"43702-1","CCC[C@H]1CNCc2c1[nH]c(=O)c(C#N)c2NCCc1cn(CCF)nn1"
"20712-1","CCC[C@H]1CNCc2c1[nH]c(=O)c(C#N)c2N1CCN(C(=O)C2CC2)C[C@H]1C"
"43645-2","CCC[C@H]1CNCc2c1[nH]c(=O)c(C#N)c2C[C@H]1CC[C@@H](C(N)=O)CC1"
"27978-1","CCC[C@H]1CNCc2c1[nH]c(=O)c(C#N)c2Nc1ccn(CC(F)F)n1"
"10198-1","CCC[C@H]1CNCc2c1[nH]c(=O)c(C#N)c2CCCOCCCO"
"18794-1","CCC[C@H]1CNCc2c1[nH]c(=O)c(C#N)c2N[C@H](C)c1nc(C)no1"
"3862-1","CCC[C@H]1CNCc2c1[nH]c(=O)c(C#N)c2NCc1cccc(OC)n1"
"35181-8","CCC[C@H]1CNCc2c1[nH]c(=O)c(C#N)c2N[C@H]1[C@H]2CC[C@H](C2)[C@@H]1CO"
"14695-2","CCC[C@H]1CNCc2c1[nH]c(=O)c(C#N)c2NCc1ccnc(C)c1"
"18795-2","CCC[C@H]1CNCc2c1[nH]c(=O)c(C#N)c2N[C@@H](CC)c1nnc(C)o1"
"7130-1","CCC[C@H]1CNCc2c1[nH]c(=O)c(C#N)c2N1CCOC[C@H]1C"
"17957-1","CCC[C@H]1CNCc2c1[nH]c(=O)c(C#N)c2N1CCC(NCC(F)(F)F)CC1"
"20772-2","CCC[C@H]1CNCc2c1[nH]c(=O)c(C#N)c2N1[C@H](C)CN(C(=O)C2CC2)C[C@H]1C"
"19383-2","CCC[C@H]1CNCc2c1[nH]c(=O)c(C#N)c2N1CCC[C@](O)(c2ccccn2)C1"
"10255-1","CCC[C@H]1CNCc2c1[nH]c(=O)c(C#N)c2CN(C)C(=O)c1ccccc1"
"42003-1","CCC[C@H]1CNCc2c1[nH]c(=O)c(C#N)c2NCCc1ccc(O)c(F)c1"
"19265-2","CCC[C@H]1CNCc2c1[nH]c(=O)c(C#N)c2N(C)C[C@H]1CCCO1"
"26895-1","CCC[C@H]1CNCc2c1[nH]c(=O)c(C#N)c2NCc1cccc(C(N)=O)c1"
"21322-1","CCC[C@H]1CNCc2c1[nH]c(=O)c(C#N)c2NCc1ncc(C)s1"
"2733-1","CCC[C@H]1CNCc2c1[nH]c(=O)c(C#N)c2N(Cc1ccco1)C(C)C"
"3508-1","CCC[C@H]1CNCc2c1[nH]c(=O)c(C#N)c2NC[C@H]1C[C@H](C(C)(C)O)C1"
"1709-1","CCC[C@H]1CNCc2c1[nH]c(=O)c(C#N)c2NC1CCCC1"
"4174-1","CCC[C@H]1CNCc2c1[nH]c(=O)c(C#N)c2N(C)Cc1ccc[nH]1"
"18794-2","CCC[C@H]1CNCc2c1[nH]c(=O)c(C#N)c2N[C@@H](C)c1nc(C)no1"
"2299-1","CCC[C@H]1CNCc2c1[nH]c(=O)c(C#N)c2NCc1cccc(O)c1"
"15816-2","CCC[C@H]1CNCc2c1[nH]c(=O)c(C#N)c2N[C@H]1CCC[C@H]1CO"
"7128-1","CCC[C@H]1CNCc2c1[nH]c(=O)c(C#N)c2N1CCCC[C@H]1CO"
"27976-1","CCC[C@H]1CNCc2c1[nH]c(=O)c(C#N)c2NCc1ccc(F)cn1"
"17927-2","CCC[C@H](CO)Nc1c2c([nH]c(=O)c1C#N)[C@@H](CCC)CNC2"
"14122-1","CCC[C@H]1CNCc2c1[nH]c(=O)c(C#N)c2NCC1CCOCC1"
"22112-1","CCC[C@H]1CNCc2c1[nH]c(=O)c(C#N)c2NCc1ccc(N)cc1"
"21687-1","CCC[C@H]1CNCc2c1[nH]c(=O)c(C#N)c2N(C)Cc1ccccc1N"
"26765-1","CCC[C@H]1CNCc2c1[nH]c(=O)c(C#N)c2NC[C@H]1CC[C@H](C#N)CC1"
"21099-1","CCC[C@H]1CNCc2c1[nH]c(=O)c(C#N)c2NCc1ccncc1F"
"11308-2","CCC[C@H]1CNCc2c1[nH]c(=O)c(C#N)c2CC[C@H]1CCCCO1"
"44143-2","CCC[C@H]1CNCc2c1[nH]c(=O)c(C#N)c2N(Cc1ccco1)C[C@H]1CCCO1"
"32758-1","CCC[C@H]1CNCc2c1[nH]c(=O)c(C#N)c2NCc1ccc(OCCO)cc1"
"35998-1","CCC[C@H]1CNCc2c1[nH]c(=O)c(C#N)c2NCc1nnc(C)s1"
"9924-1","CCC[C@H]1CNCc2c1[nH]c(=O)c(C#N)c2NCc1cccc(OC)c1O"
"2966-1","CCC[C@H]1CNCc2c1[nH]c(=O)c(C#N)c2NCCCOC"
"44693-4","CCC[C@H]1CNCc2c1[nH]c(=O)c(C#N)c2[C@@H](C)NC(=O)C[C@@H](C)CC"
"21299-1","CCC[C@H]1CNCc2c1[nH]c(=O)c(C#N)c2N(C)Cc1cc(C)nn1C"
"10504-7","CCC[C@H]1CNCc2c1[nH]c(=O)c(C#N)c2[C@H](C)NC(=O)[C@H]1C[C@@H]1C"
"39600-1","CCC[C@H]1CNCc2c1[nH]c(=O)c(C#N)c2NCCn1ccc2ccccc21"
"15340-1","CCC[C@H]1CNCc2c1[nH]c(=O)c(C#N)c2N[C@H](C)C1CCOCC1"
"1597-1","CCC[C@H]1CNCc2c1[nH]c(=O)c(C#N)c2NCc1ccncc1"
"13591-1","CCC[C@H]1CNCc2c1[nH]c(=O)c(C#N)c2N[C@H](C)C(C)(C)O"
"22045-1","CCC[C@H]1CNCc2c1[nH]c(=O)c(C#N)c2N1CCc2nc(OC)ccc2C1"
"14521-1","CCC[C@H]1CNCc2c1[nH]c(=O)c(C#N)c2NC(=O)N1CCCC1"
"19260-1","CCC[C@H]1CNCc2c1[nH]c(=O)c(C#N)c2N(C)[C@@H]1CCCOC1"
"2675-1","CCC[C@H]1CNCc2c1[nH]c(=O)c(C#N)c2CC1CCN(C(C)=O)CC1"
"13061-1","CCC[C@H]1CNCc2c1[nH]c(=O)c(C#N)c2NC(=O)NC(C)(C)C"
"15318-1","CCC[C@H]1CNCc2c1[nH]c(=O)c(C#N)c2N(C)Cc1ccccn1"
"30778-1","CCC[C@H]1CNCc2c1[nH]c(=O)c(C#N)c2N1CCC[C@@H](OCCOC)C1"
"11308-1","CCC[C@H]1CNCc2c1[nH]c(=O)c(C#N)c2CC[C@@H]1CCCCO1"
"15511-2","CCC[C@H]1CNCc2c1[nH]c(=O)c(C#N)c2N[C@@H](C)[C@H](O)c1ccccc1"
"29372-1","CCC[C@H]1CNCc2c1[nH]c(=O)c(C#N)c2CCCOCCOC"
"10534-1","CCC[C@H]1CNCc2c1[nH]c(=O)c(C#N)c2NCc1ccc(NC(C)=O)cc1"
"12834-1","CCC[C@H]1CNCc2c1[nH]c(=O)c(C#N)c2N(C)Cc1ccncc1"
"14119-2","CCC[C@H]1CNCc2c1[nH]c(=O)c(C#N)c2N[C@H]1CC[C@@H](OC)CC1"
"11786-2","CCC[C@H]1CNCc2c1[nH]c(=O)c(C#N)c2N[C@@H](CO)C(C)C"
"14694-1","CCCCN(CC)c1c2c([nH]c(=O)c1C#N)[C@@H](CCC)CNC2"
"18802-1","CCC[C@H]1CNCc2c1[nH]c(=O)c(C#N)c2N(CC)Cc1nc(C)no1"
"19737-2","CCC[C@H]1CNCc2c1[nH]c(=O)c(C#N)c2N[C@@H](CC1CCCCC1)C(N)=O"
"20774-2","CCC[C@H]1CNCc2c1[nH]c(=O)c(C#N)c2N1C[C@H](C)O[C@H]2CCCC[C@@H]21"
"26740-2","CCC[C@H]1CNCc2c1[nH]c(=O)c(C#N)c2NCc1ccc2c(c1)ncn2C"
"27555-1","CCC[C@H]1CNCc2c1[nH]c(=O)c(C#N)c2N(C)Cc1nc(COC)co1"
"16598-2","CCC[C@H]1CNCc2c1[nH]c(=O)c(C#N)c2N[C@H]1CCCC[C@H]1CO"
"40085-1","CCC[C@H]1CNCc2c1[nH]c(=O)c(C#N)c2CN1CCN(C(=O)C(F)(F)F)CC1"
"9413-1","CCC[C@H]1CNCc2c1[nH]c(=O)c(C#N)c2N(CCC)C(C)C"
"29605-3","CCC[C@H]1CNCc2c1[nH]c(=O)c(C#N)c2N[C@@H]1C[C@@H]1c1cccnc1"
"14686-1","CCC[C@H]1CNCc2c1[nH]c(=O)c(C#N)c2NCCP(=O)(OCC)OCC"
"14128-2","CCC[C@H]1CNCc2c1[nH]c(=O)c(C#N)c2N[C@H]1CCCC[C@H]1O"
"18296-3","CCC[C@H]1CNCc2c1[nH]c(=O)c(C#N)c2N(C)[C@@H]1CCCC[C@@H]1O"
"42429-1","CCC[C@H]1CNCc2c1[nH]c(=O)c(C#N)c2N(C1CC1)C1COC1"
"16340-1","CCC[C@H]1CNCc2c1[nH]c(=O)c(C#N)c2NCC(CC)CC"
"26759-2","CCC[C@H]1CNCc2c1[nH]c(=O)c(C#N)c2NCC1(CN2CC(F)(F)C2)COC1"
"27612-4","CCC[C@H]1CNCc2c1[nH]c(=O)c(C#N)c2N[C@H]1c2ccccc2C[C@@H]1O"
"8858-1","CCC[C@H]1CNCc2c1[nH]c(=O)c(C#N)c2[C@H](O)C(C)(C)C"
"16260-1","CCC[C@H]1CNCc2c1[nH]c(=O)c(C#N)c2NCCc1ccc(OC)c(OC)c1"
"21837-2","CCC[C@@H](CCOC)Nc1c2c([nH]c(=O)c1C#N)[C@@H](CCC)CNC2"
"17916-2","CCC[C@H]1CNCc2c1[nH]c(=O)c(C#N)c2N[C@H]1CCO[C@@H](C)C1"
"25252-1","CCC[C@H]1CNCc2c1[nH]c(=O)c(C#N)c2NCC(=O)Nc1ccc(OC)cc1"
"3565-1","CCC[C@H]1CNCc2c1[nH]c(=O)c(C#N)c2NC1(C)CCOCC1"
"15816-1","CCC[C@H]1CNCc2c1[nH]c(=O)c(C#N)c2N[C@@H]1CCC[C@H]1CO"
"21572-1","CCC[C@H]1CNCc2c1[nH]c(=O)c(C#N)c2NCc1cccc(NC(=O)CC)c1"
"20798-3","CCC[C@H]1CNCc2c1[nH]c(=O)c(C#N)c2N(C)[C@@H]1COC[C@@H]1OC"
"40387-1","CCC[C@H]1CNCc2c1[nH]c(=O)c(C#N)c2NC(=O)N(C)Cc1ccccn1"
"21664-1","CCC[C@H]1CNCc2c1[nH]c(=O)c(C#N)c2NC[C@H](O)COc1ccccc1"
"35997-1","CCC[C@H]1CNCc2c1[nH]c(=O)c(C#N)c2NCc1cnc(C)s1"
"14713-1","CCC[C@H]1CNCc2c1[nH]c(=O)c(C#N)c2NCCNc1ccccc1"
"24439-1","CCC[C@H]1CNCc2c1[nH]c(=O)c(C#N)c2NCCCCOc1cccnc1"
"15107-2","CCC[C@H]1CNCc2c1[nH]c(=O)c(C#N)c2N(C)[C@@H](C)C#N"
"28181-1","CCC[C@H]1CNCc2c1[nH]c(=O)c(C#N)c2N1CCN(c2nc(C)ns2)CC1"
"1917-2","CCC[C@H]1CNCc2c1[nH]c(=O)c(C#N)c2C[C@H](C)F"
"38906-2","CCC[C@H]1CNCc2c1[nH]c(=O)c(C#N)c2NCCCc1ccccn1"
"27612-3","CCC[C@H]1CNCc2c1[nH]c(=O)c(C#N)c2N[C@@H]1c2ccccc2C[C@@H]1O"
"15539-1","CCC[C@H]1CNCc2c1[nH]c(=O)c(C#N)c2N1CCC(C(C)(C)O)CC1"
"2145-1","CCC[C@H]1CNCc2c1[nH]c(=O)c(C#N)c2NCc1nccs1"
"10499-2","CCC[C@H]1CNCc2c1[nH]c(=O)c(C#N)c2[C@@H](C)NC(=O)C1(C)CC1"
"41539-1","CCC[C@H]1CNCc2c1[nH]c(=O)c(C#N)c2NCCc1cccn1C"
"7261-1","CCC[C@H]1CNCc2c1[nH]c(=O)c(C#N)c2NCc1ccc(C)o1"
"3670-1","CCC[C@H]1CNCc2c1[nH]c(=O)c(C#N)c2NCCOCC"
"14222-1","CCC[C@H]1CNCc2c1[nH]c(=O)c(C#N)c2NCCc1ccncc1"
"39834-1","CCC[C@H]1CNCc2c1[nH]c(=O)c(C#N)c2NC[C@@](C)(OC)c1ccccc1"
"45240-1","CCC[C@H]1CNCc2c1[nH]c(=O)c(C#N)c2CCCOc1ccccn1"
"39594-1","CCC[C@H]1CNCc2c1[nH]c(=O)c(C#N)c2N(C)CCN(C)Cc1cc(C)on1"
"24950-4","CCC[C@H]1CNCc2c1[nH]c(=O)c(C#N)c2NC[C@H]1C[C@@H](C)O[C@@H](C)C1"
"42392-1","CCC[C@H]1CNCc2c1[nH]c(=O)c(C#N)c2N[C@H](Cn1ccnc1)C(C)C"
"3635-1","CCC[C@H]1CNCc2c1[nH]c(=O)c(C#N)c2NC[C@H](O)c1ccccc1"
"10777-1","CCC[C@H]1CNCc2c1[nH]c(=O)c(C#N)c2NC(C)(C)CC"
"21303-1","CCC[C@H]1CNCc2c1[nH]c(=O)c(C#N)c2NCCCCN1CCCC1=O"
"18872-1","CCC[C@H]1CNCc2c1[nH]c(=O)c(C#N)c2N1CCN([C@H](C#N)C(C)C)CC1"
"35181-5","CCC[C@H]1CNCc2c1[nH]c(=O)c(C#N)c2N[C@@H]1[C@@H]2CC[C@@H](C2)[C@@H]1CO"
"44002-2","CCC[C@H]1CNCc2c1[nH]c(=O)c(C#N)c2N(C)[C@@H](C)[C@H](O)c1ccccc1"
"24609-1","CCC[C@H]1CNCc2c1[nH]c(=O)c(C#N)c2NC[C@H](O)c1cccc(OC)c1"
"27105-1","CCC[C@H]1CNCc2c1[nH]c(=O)c(C#N)c2NC(=O)[C@H]1C[C@H](OC)C1"
"35136-1","CCC[C@H]1CNCc2c1[nH]c(=O)c(C#N)c2NCc1ncc(C)c(NC)n1"
"16339-2","CCC[C@H]1CNCc2c1[nH]c(=O)c(C#N)c2NC[C@H]1CCCOC1"
"2183-1","CCC[C@H]1CNCc2c1[nH]c(=O)c(C#N)c2NCc1cnn(C)c1"
"21992-1","CCC[C@H]1CNCc2c1[nH]c(=O)c(C#N)c2N(CC)Cc1ncn[nH]1"
"26752-1","CCC[C@H]1CNCc2c1[nH]c(=O)c(C#N)c2NC[C@H]1CC[C@H](OC)CC1"
"19370-1","CCC[C@H]1CNCc2c1[nH]c(=O)c(C#N)c2N1CCC=C(c2ncccn2)C1"
"27227-1","CCC[C@H]1CNCc2c1[nH]c(=O)c(C#N)c2CCCCN1C(=O)CCCC1=O"
"21319-1","CCC[C@H]1CNCc2c1[nH]c(=O)c(C#N)c2N(C)Cc1ccn(C)n1"
"2335-1","CCC[C@H]1CNCc2c1[nH]c(=O)c(C#N)c2N(C(C)C)C(C)C"
"25851-1","CCC[C@H]1CNCc2c1[nH]c(=O)c(C#N)c2N(CCCO)C(C)C"
"32913-1","CCC[C@H]1CNCc2c1[nH]c(=O)c(C#N)c2CCCCn1cccc1"
"18864-1","CCC[C@H]1CNCc2c1[nH]c(=O)c(C#N)c2N(C)Cc1ccco1"
"25920-1","CCC[C@H]1CNCc2c1[nH]c(=O)c(C#N)c2N1CCN(C(=O)C2CCC2)CC1"
"26782-2","CCC[C@H]1CNCc2c1[nH]c(=O)c(C#N)c2NC[C@H]1CC=CCC1"
"23048-1","CCC[C@H]1CNCc2c1[nH]c(=O)c(C#N)c2[C@H](CC(C)C)NC(C)=O"
"3655-1","CCC[C@H]1CNCc2c1[nH]c(=O)c(C#N)c2N(CCO)Cc1ccccc1"
"10683-1","CCC[C@H]1CNCc2c1[nH]c(=O)c(C#N)c2N1CCC(c2cnccn2)CC1"
"35486-1","CCC[C@H]1CNCc2c1[nH]c(=O)c(C#N)c2NCc1cccnc1C(F)(F)F"
"11769-1","CCC[C@H]1CNCc2c1[nH]c(=O)c(C#N)c2NC(CC)CC"
"26097-1","CCC[C@H]1CNCc2c1[nH]c(=O)c(C#N)c2CCCCCCOC(CO)CO"
"17927-1","CCC[C@@H](CO)Nc1c2c([nH]c(=O)c1C#N)[C@@H](CCC)CNC2"
"16634-1","CCC[C@H]1CNCc2c1[nH]c(=O)c(C#N)c2N1CCc2ccc(CO)cc2C1"
"21338-1","CCC[C@H]1CNCc2c1[nH]c(=O)c(C#N)c2NCc1cscn1"
"14989-1","CCC[C@H]1CNCc2c1[nH]c(=O)c(C#N)c2N(C)CC1CCN(C(C)=O)CC1"
"26752-2","CCC[C@H]1CNCc2c1[nH]c(=O)c(C#N)c2NC[C@H]1CC[C@@H](OC)CC1"
"2232-1","CCC[C@H]1CNCc2c1[nH]c(=O)c(C#N)c2N(CCOC)CCOC"
"155-1","CCC[C@H]1CNCc2c1[nH]c(=O)c(C#N)c2NCC"
"14110-1","CCC[C@H]1CNCc2c1[nH]c(=O)c(C#N)c2N[C@H]1CC[C@H](C(C)(C)O)CC1"
"7511-2","CCC[C@H]1CNCc2c1[nH]c(=O)c(C#N)c2NC(=O)[C@H]1C[C@H]1C"
"15657-1","CCC[C@H]1CNCc2c1[nH]c(=O)c(C#N)c2Nc1ccn(CC)n1"
"24607-1","CCC[C@H]1CNCc2c1[nH]c(=O)c(C#N)c2NCc1ccc(OC)nc1"
"10548-1","CCC[C@H]1CNCc2c1[nH]c(=O)c(C#N)c2N(C)C(C)C"
"1536-1","CCC[C@H]1CNCc2c1[nH]c(=O)c(C#N)c2NC(=O)C1CC1"
"42434-2","CCC[C@H]1CNCc2c1[nH]c(=O)c(C#N)c2N(C)C[C@@H](O)c1ccccc1"
"4633-1","CCC[C@H]1CNCc2c1[nH]c(=O)c(C#N)c2CCCCCO"
"39971-2","CCCC[C@H](CO)Nc1c2c([nH]c(=O)c1C#N)[C@@H](CCC)CNC2"
"3910-1","CCC[C@H]1CNCc2c1[nH]c(=O)c(C#N)c2NCCc1ccco1"
"27098-1","CCC[C@H]1CNCc2c1[nH]c(=O)c(C#N)c2NC(=O)[C@H]1C[C@@H](F)C1"
"23332-1","CCC[C@H]1CNCc2c1[nH]c(=O)c(C#N)c2CN(CC)C(=O)c1ccco1"
"29596-2","CCC[C@H]1CNCc2c1[nH]c(=O)c(C#N)c2N(C[C@H]1CCCO1)C[C@@H]1CCCO1"
"17693-1","CCC[C@H]1CNCc2c1[nH]c(=O)c(C#N)c2NCc1csc(C)n1"
"7112-2","CCC[C@H]1CNCc2c1[nH]c(=O)c(C#N)c2N1CCO[C@H](c2ccccc2)C1"
"4357-1","CCC[C@H]1CNCc2c1[nH]c(=O)c(C#N)c2NC(=O)C(C)C"
"5952-1","CCC[C@H]1CNCc2c1[nH]c(=O)c(C#N)c2N(C)CCc1ccccn1"
"34121-3","CCC[C@H]1CNCc2c1[nH]c(=O)c(C#N)c2N(C)[C@@H]1CCCC[C@@H]1CO"
"16271-1","CCC[C@H]1CNCc2c1[nH]c(=O)c(C#N)c2N(C)Cc1ccccc1OC"
"11189-1","CCCC(=O)N(C)Cc1c2c([nH]c(=O)c1C#N)[C@@H](CCC)CNC2"
"36495-1","CCC[C@H]1CNCc2c1[nH]c(=O)c(C#N)c2N1CCC2(CCCN2C(C)=O)CC1"
"44736-1","CCC[C@H]1CNCc2c1[nH]c(=O)c(C#N)c2N(C)Cc1ccnnc1"
"10315-1","CCC[C@H]1CNCc2c1[nH]c(=O)c(C#N)c2[C@H](O)C(C)(C)CC"
"42909-1","CCC[C@H]1CNCc2c1[nH]c(=O)c(C#N)c2N(C)Cc1ccc2c(c1)OCCO2"
"36660-1","CCC[C@H]1CNCc2c1[nH]c(=O)c(C#N)c2N1CCc2nn(C3CC3)cc2C1"
"3828-1","CCC[C@H]1CNCc2c1[nH]c(=O)c(C#N)c2NC1(CO)CCCC1"
"24945-2","CCC[C@H]1CNCc2c1[nH]c(=O)c(C#N)c2NCC[C@H]1CCCCO1"
"19746-1","CCC[C@H]1CNCc2c1[nH]c(=O)c(C#N)c2N[C@H](C(N)=O)c1ccccc1"
"40031-1","CCC[C@H]1CNCc2c1[nH]c(=O)c(C#N)c2NC(=O)N1CC2(COC2)C1"
"3373-1","CCC[C@H]1CNCc2c1[nH]c(=O)c(C#N)c2NC1(C#N)CCCCC1"
"16359-1","CCC[C@H]1CNCc2c1[nH]c(=O)c(C#N)c2N[C@H](C#N)c1ccccc1"
"27573-1","CCC[C@H]1CNCc2c1[nH]c(=O)c(C#N)c2N1CCOC[C@H]1C(C)C"
"8979-1","CCC[C@H]1CNCc2c1[nH]c(=O)c(C#N)c2CCCc1cncnc1"
"3850-1","CCC[C@H]1CNCc2c1[nH]c(=O)c(C#N)c2NCCOc1ccccc1"
"16598-1","CCC[C@H]1CNCc2c1[nH]c(=O)c(C#N)c2N[C@@H]1CCCC[C@H]1CO"
"36540-2","CCCC(=O)N[C@H](C)c1c2c([nH]c(=O)c1C#N)[C@@H](CCC)CNC2"
"20782-1","CCC[C@H]1CNCc2c1[nH]c(=O)c(C#N)c2N1[C@H](C)CN(C(=O)NCC)C[C@@H]1C"
"3102-1","CCC[C@H]1CNCc2c1[nH]c(=O)c(C#N)c2N(C)Cc1cccnc1"
"27396-1","CCC[C@H]1CNCc2c1[nH]c(=O)c(C#N)c2N[C@H](C)c1nccs1"
"44131-1","CCC[C@H]1CNCc2c1[nH]c(=O)c(C#N)c2NCCC(=O)Nc1cc(C)on1"
"3684-1","CCC[C@H]1CNCc2c1[nH]c(=O)c(C#N)c2NCCCNC(=O)C(F)(F)F"
"19169-8","CCC[C@H]1CNCc2c1[nH]c(=O)c(C#N)c2[C@H]1[C@H]2CC[C@H](C2)[C@@H]1CO"
"14496-1","CCC[C@H]1CNCc2c1[nH]c(=O)c(C#N)c2N(CC)Cc1ccncc1"
"18775-1","CCC[C@H]1CNCc2c1[nH]c(=O)c(C#N)c2N(C)CCCNC(=O)[C@@H]1CCCO1"
"43118-1","CCCCNC(=O)CNc1c2c([nH]c(=O)c1C#N)[C@@H](CCC)CNC2"
"19653-1","CCC[C@H]1CNCc2c1[nH]c(=O)c(C#N)c2Nc1cc(C)nn1CC"
"15511-4","CCC[C@H]1CNCc2c1[nH]c(=O)c(C#N)c2N[C@@H](C)[C@@H](O)c1ccccc1"
"41204-2","CCC[C@H]1CNCc2c1[nH]c(=O)c(C#N)c2OCCN1C[C@H]2C[C@@H]1CO2"
"44693-1","CCC[C@H]1CNCc2c1[nH]c(=O)c(C#N)c2[C@H](C)NC(=O)C[C@H](C)CC"
"21664-2","CCC[C@H]1CNCc2c1[nH]c(=O)c(C#N)c2NC[C@@H](O)COc1ccccc1"
"39834-2","CCC[C@H]1CNCc2c1[nH]c(=O)c(C#N)c2NC[C@](C)(OC)c1ccccc1"
"10504-4","CCC[C@H]1CNCc2c1[nH]c(=O)c(C#N)c2[C@@H](C)NC(=O)[C@H]1C[C@H]1C"
"21353-1","CCC[C@H]1CNCc2c1[nH]c(=O)c(C#N)c2OCc1ccc(O)cc1"
"13810-1","CCC[C@H]1CNCc2c1[nH]c(=O)c(C#N)c2NCCc1ccc(O)cc1"
"17791-1","CCC[C@H]1CNCc2c1[nH]c(=O)c(C#N)c2N[C@H](C)C(=O)Nc1nccs1"
"21081-1","CCC[C@H]1CNCc2c1[nH]c(=O)c(C#N)c2N(C)Cc1ccc(O)cc1"
"24609-2","CCC[C@H]1CNCc2c1[nH]c(=O)c(C#N)c2NC[C@@H](O)c1cccc(OC)c1"
"13258-1","CCC[C@H]1CNCc2c1[nH]c(=O)c(C#N)c2CN(C)C(=O)C(C)C"
"3987-1","CCC[C@H]1CNCc2c1[nH]c(=O)c(C#N)c2N(CC)Cc1cccnc1"
"16845-1","CCC[C@H]1CNCc2c1[nH]c(=O)c(C#N)c2NC[C@@H]1CCCCO1"
"38093-3","CCC[C@H]1CNCc2c1[nH]c(=O)c(C#N)c2CC1(O)C[C@@H](C)O[C@H](C)C1"
"4465-2","CCC[C@H]1CNCc2c1[nH]c(=O)c(C#N)c2CC[C@@H](O)c1ccccc1"
"38093-4","CCC[C@H]1CNCc2c1[nH]c(=O)c(C#N)c2C[C@]1(O)C[C@@H](C)O[C@@H](C)C1"
"26743-2","CCC[C@H]1CNCc2c1[nH]c(=O)c(C#N)c2NCc1ccc2ncn(C)c2c1"
"21098-1","CCC[C@H]1CNCc2c1[nH]c(=O)c(C#N)c2N[C@H](C)CCCC(C)(C)O"
"15514-2","CCC[C@H]1CNCc2c1[nH]c(=O)c(C#N)c2N[C@@H](CO)CC(C)C"
"29535-1","CCC[C@H]1CNCc2c1[nH]c(=O)c(C#N)c2CN1C[C@@H](C)OC[C@H]1C"
"40810-1","CCC[C@H]1CNCc2c1[nH]c(=O)c(C#N)c2NCCCOCC(C)C"
"30366-1","CCC[C@H]1CNCc2c1[nH]c(=O)c(C#N)c2CCC1CCN(C(=O)NC)CC1"
"3508-2","CCC[C@H]1CNCc2c1[nH]c(=O)c(C#N)c2NC[C@H]1C[C@@H](C(C)(C)O)C1"
"3376-1","CCC[C@H]1CNCc2c1[nH]c(=O)c(C#N)c2NC(C)(C)C"
"2769-1","CCCCN(C)C(=O)CNc1c2c([nH]c(=O)c1C#N)[C@@H](CCC)CNC2"
"19268-1","CCC[C@H]1CNCc2c1[nH]c(=O)c(C#N)c2N(C)C[C@@H]1CCOC1"
"29850-3","CCC[C@H]1CNCc2c1[nH]c(=O)c(C#N)c2N[C@@H]1CCOC[C@@H]1CCC"
"21123-1","CCC[C@H]1CNCc2c1[nH]c(=O)c(C#N)c2NC(=O)COC1CCCCC1"
"14057-1","CCC[C@H]1CNCc2c1[nH]c(=O)c(C#N)c2N(C)Cc1cc[nH]n1"
"42980-1","CCC[C@H]1CNCc2c1[nH]c(=O)c(C#N)c2N[C@H](C)C(C)(C)C"
"40743-2","CCC[C@H]1CNCc2c1[nH]c(=O)c(C#N)c2O[C@@H](C)CCc1ccc(O)cc1O"
"21945-2","CCC[C@H]1CNCc2c1[nH]c(=O)c(C#N)c2N[C@@H](C)C(=O)NCC(C)C"
"34121-4","CCC[C@H]1CNCc2c1[nH]c(=O)c(C#N)c2N(C)[C@H]1CCCC[C@@H]1CO"
"2158-1","CCC[C@H]1CNCc2c1[nH]c(=O)c(C#N)c2NCc1ccccn1"
"35134-1","CCC[C@H]1CNCc2c1[nH]c(=O)c(C#N)c2NCc1ncc(C(F)F)cn1"
"16635-4","CCC[C@H]1CNCc2c1[nH]c(=O)c(C#N)c2NC[C@H]1CC[C@](C)(O)C1"
"19383-1","CCC[C@H]1CNCc2c1[nH]c(=O)c(C#N)c2N1CCC[C@@](O)(c2ccccn2)C1"
"2716-1","CCC[C@H]1CNCc2c1[nH]c(=O)c(C#N)c2N(C)Cc1ccc(C)o1"
"13333-1","CCC[C@H]1CNCc2c1[nH]c(=O)c(C#N)c2CCCOCCOCC"
"42186-1","CCC[C@H]1CNCc2c1[nH]c(=O)c(C#N)c2N(CCC)Cc1cccnc1"
"4332-1","CCC[C@H]1CNCc2c1[nH]c(=O)c(C#N)c2NCc1cc(OC)cc(OC)c1"
"9312-1","CCCCN(C)C(=O)CCCc1c2c([nH]c(=O)c1C#N)[C@@H](CCC)CNC2"
"38256-4","CCC[C@H]1CNCc2c1[nH]c(=O)c(C#N)c2N[C@H]1CCCC[C@@]1(C)O"
"22076-1","CCC[C@H]1CNCc2c1[nH]c(=O)c(C#N)c2NCCCCCC#N"
"16601-1","CCC[C@H]1CNCc2c1[nH]c(=O)c(C#N)c2N[C@@]1(C)CCC[C@H]1CO"
"37238-1","CCC[C@H]1CNCc2c1[nH]c(=O)c(C#N)c2N1CCCCC[C@H]1CO"
"7224-2","CCC[C@H]1CNCc2c1[nH]c(=O)c(C#N)c2N[C@H]1CCCOC1"
"8144-1","CCC[C@H]1CNCc2c1[nH]c(=O)c(C#N)c2N(C)Cc1cccc(O)c1"
"24608-1","CCC[C@H]1CNCc2c1[nH]c(=O)c(C#N)c2NC[C@H](O)c1ccc(F)cc1"
"20746-4","CCC[C@H]1CNCc2c1[nH]c(=O)c(C#N)c2N1CCC[C@H]2COCC[C@@H]21"
"29853-1","CCC[C@H]1CNCc2c1[nH]c(=O)c(C#N)c2N[C@@H]1CC[C@@H](O)c2ccccc21"
"2137-2","CCC[C@H]1CNCc2c1[nH]c(=O)c(C#N)c2NC[C@H]1CCCO1"
"24945-1","CCC[C@H]1CNCc2c1[nH]c(=O)c(C#N)c2NCC[C@@H]1CCCCO1"
"3454-1","CCC[C@H]1CNCc2c1[nH]c(=O)c(C#N)c2NCc1ccc(OC)cc1OC"
"22036-1","CCC[C@H]1CNCc2c1[nH]c(=O)c(C#N)c2N1CCc2nc(C)n(C)c(=O)c2C1"
"39852-1","CCC[C@H]1CNCc2c1[nH]c(=O)c(C#N)c2NCc1cncc(F)c1"
"26746-2","CCC[C@H]1CNCc2c1[nH]c(=O)c(C#N)c2N[C@H]1CCN(C(CF)CF)C1"
"3866-1","CCC[C@H]1CNCc2c1[nH]c(=O)c(C#N)c2NCc1cccc(C#N)n1"
"26765-2","CCC[C@H]1CNCc2c1[nH]c(=O)c(C#N)c2NC[C@H]1CC[C@@H](C#N)CC1"
"16279-1","CCC[C@H]1CNCc2c1[nH]c(=O)c(C#N)c2N(C)Cc1ccc(OC)c(OC)c1"
"20747-1","CCC[C@H]1CNCc2c1[nH]c(=O)c(C#N)c2N1CCO[C@@H](C)[C@H]1CC"
"41147-1","CCC[C@H]1CNCc2c1[nH]c(=O)c(C#N)c2OCCOc1ccccc1O"
"14119-1","CCC[C@H]1CNCc2c1[nH]c(=O)c(C#N)c2N[C@H]1CC[C@H](OC)CC1"
"17312-1","CCC[C@H]1CNCc2c1[nH]c(=O)c(C#N)c2N1CCC[C@@H](CNC(C)=O)C1"
"41369-1","CCC[C@H]1CNCc2c1[nH]c(=O)c(C#N)c2NCCc1ccc(OC)c(O)c1"
"14381-1","CCC[C@H]1CNCc2c1[nH]c(=O)c(C#N)c2NCCc1cccnc1"
"13696-1","CCC[C@H]1CNCc2c1[nH]c(=O)c(C#N)c2-n1cnc(-c2ccncc2)c1"
"15647-1","CCC[C@H]1CNCc2c1[nH]c(=O)c(C#N)c2NCC1CCN(C(C)=O)CC1"
"27098-2","CCC[C@H]1CNCc2c1[nH]c(=O)c(C#N)c2NC(=O)[C@H]1C[C@H](F)C1"
"7258-1","CCC[C@H]1CNCc2c1[nH]c(=O)c(C#N)c2N[C@H](CO)Cc1ccccc1"
"18775-2","CCC[C@H]1CNCc2c1[nH]c(=O)c(C#N)c2N(C)CCCNC(=O)[C@H]1CCCO1"
"4556-1","CCC[C@H]1CNCc2c1[nH]c(=O)c(C#N)c2NC(=O)[C@H](C)CC"
"15511-1","CCC[C@H]1CNCc2c1[nH]c(=O)c(C#N)c2N[C@H](C)[C@H](O)c1ccccc1"
"27553-1","CCC[C@H]1CNCc2c1[nH]c(=O)c(C#N)c2N(C)Cc1nc(C)oc1C"
"37887-1","CCC[C@H]1CNCc2c1[nH]c(=O)c(C#N)c2NCc1nc(C)co1"
"17881-1","CCC[C@H]1CNCc2c1[nH]c(=O)c(C#N)c2NCc1ccnc(C#N)c1"
"27584-1","CCC[C@H]1CNCc2c1[nH]c(=O)c(C#N)c2N(CCC#N)C1CCCC1"
"11876-1","CCC[C@H]1CNCc2c1[nH]c(=O)c(C#N)c2N(C)c1ccc(OC)c(OC)c1"
"27582-1","CCC[C@H]1CNCc2c1[nH]c(=O)c(C#N)c2N(CCC)CCC#N"
"41742-2","CCC[C@H]1CNCc2c1[nH]c(=O)c(C#N)c2NCCc1cn(CC(F)F)cn1"
"29836-1","CCC[C@H]1CNCc2c1[nH]c(=O)c(C#N)c2N[C@@H]1CCOCC1(C)C"
"21488-1","CCC[C@H]1CNCc2c1[nH]c(=O)c(C#N)c2N[C@H](C)c1cccnc1"
"43600-1","CCC[C@H]1CNCc2c1[nH]c(=O)c(C#N)c2CN(C)C(=O)CC(C)(C)C"
"34551-2","CCC[C@H]1CNCc2c1[nH]c(=O)c(C#N)c2CC[C@@H](C)CC(=O)N(C)C"
"37106-1","CCC[C@H]1CNCc2c1[nH]c(=O)c(C#N)c2NCc1cnc(C)c(C#N)c1"
"14703-1","CCC[C@H]1CNCc2c1[nH]c(=O)c(C#N)c2NCCCn1cccn1"
"29605-1","CCC[C@H]1CNCc2c1[nH]c(=O)c(C#N)c2N[C@@H]1C[C@H]1c1cccnc1"
"20801-1","CCC[C@H]1CNCc2c1[nH]c(=O)c(C#N)c2N1CCN(C(=O)C2CC2)[C@@H](C)[C@H]1C"
"15485-1","CCC[C@H]1CNCc2c1[nH]c(=O)c(C#N)c2N(C)Cc1cnccn1"
"29646-1","CCC[C@H]1CNCc2c1[nH]c(=O)c(C#N)c2N(CCC)Cc1ccncc1"
"39595-2","CCC[C@H]1CNCc2c1[nH]c(=O)c(C#N)c2N[C@H]1CC[C@@H](C#N)CC1"
"17923-1","CCC[C@H]1CNCc2c1[nH]c(=O)c(C#N)c2Nc1cc(C)nn1C"
"15342-1","CCC[C@H]1CNCc2c1[nH]c(=O)c(C#N)c2N(C)CC1CCOCC1"
"38557-1","CCC[C@H]1CNCc2c1[nH]c(=O)c(C#N)c2N1CC(OCc2cccc(O)c2)C1"
"30360-1","CCC[C@H]1CNCc2c1[nH]c(=O)c(C#N)c2CCCC1CCN(C(C)=O)CC1"
"43351-1","CCC[C@H]1CNCc2c1[nH]c(=O)c(C#N)c2N(CCOCCO)C(C)C"
"21328-1","CCC[C@H]1CNCc2c1[nH]c(=O)c(C#N)c2NCc1ccnn1CC"
"43640-1","CCC[C@H]1CNCc2c1[nH]c(=O)c(C#N)c2N[C@H](C(=O)NC)C(C)(C)C"
"21330-1","CCC[C@H]1CNCc2c1[nH]c(=O)c(C#N)c2NCc1cc(C)n(C)n1"
"41747-1","CCC[C@H]1CNCc2c1[nH]c(=O)c(C#N)c2N[C@H](C#N)CC(C)C"
"15482-1","CCC[C@H]1CNCc2c1[nH]c(=O)c(C#N)c2NCCn1cccn1"
"30432-2","CCC[C@H]1CNCc2c1[nH]c(=O)c(C#N)c2[C@H]1CCCC[C@]1(C)O"
"38280-1","CCC[C@H]1CNCc2c1[nH]c(=O)c(C#N)c2N[C@@H]1CNC(=O)c2ccccc21"
"19733-1","CCC[C@H]1CNCc2c1[nH]c(=O)c(C#N)c2NCC(=O)NCc1ccccc1"
"23287-1","CCCCCN(Cc1c2c([nH]c(=O)c1C#N)[C@@H](CCC)CNC2)C(C)=O"
"38152-1","CCC[C@H]1CNCc2c1[nH]c(=O)c(C#N)c2N1Cc2cn[nH]c2[C@H]1CC"
"31237-4","CCC[C@H]1CNCc2c1[nH]c(=O)c(C#N)c2CN(C(C)=O)[C@H]1C[C@@H]2CC[C@H]1C2"
"22072-1","CCC[C@H]1CNCc2c1[nH]c(=O)c(C#N)c2NCCCCC#N"
"35181-7","CCC[C@H]1CNCc2c1[nH]c(=O)c(C#N)c2N[C@@H]1[C@H]2CC[C@H](C2)[C@@H]1CO"
"38256-3","CCC[C@H]1CNCc2c1[nH]c(=O)c(C#N)c2N[C@@H]1CCCC[C@@]1(C)O"
"2297-1","CCC[C@H]1CNCc2c1[nH]c(=O)c(C#N)c2N(C)Cc1ccccc1"
"35991-1","CCC[C@H]1CNCc2c1[nH]c(=O)c(C#N)c2N[C@H]1CC[C@H](CO)CC1"
"18796-1","CCC[C@H]1CNCc2c1[nH]c(=O)c(C#N)c2N[C@H](C)Cc1noc(C)n1"
"24806-1","CCC[C@H]1CNCc2c1[nH]c(=O)c(C#N)c2NC(=O)C(C)(C)CCOC"
"15340-2","CCC[C@H]1CNCc2c1[nH]c(=O)c(C#N)c2N[C@@H](C)C1CCOCC1"
"2154-1","CCC[C@H]1CNCc2c1[nH]c(=O)c(C#N)c2NCc1ccnn1C"
"2283-1","CCC[C@H]1CNCc2c1[nH]c(=O)c(C#N)c2NC(=O)C1CCC1"
"18880-1","CCC[C@H]1CNCc2c1[nH]c(=O)c(C#N)c2N(C)Cc1cccc(N)c1"
"1539-1","CCC[C@H]1CNCc2c1[nH]c(=O)c(C#N)c2NCc1ccc(OC)cc1"
"37893-2","CCC[C@H]1CNCc2c1[nH]c(=O)c(C#N)c2CC[C@]1(C)CCCO1"
"9022-1","CCC[C@H]1CNCc2c1[nH]c(=O)c(C#N)c2N(C)CCN1CCOCC1"
"24116-2","CCC[C@H]1CNCc2c1[nH]c(=O)c(C#N)c2NC(=O)N1CCCC[C@@H]1CCO"
"17325-1","CCC[C@H]1CNCc2c1[nH]c(=O)c(C#N)c2NCCCc1cccc(O)c1"
"27105-2","CCC[C@H]1CNCc2c1[nH]c(=O)c(C#N)c2NC(=O)[C@H]1C[C@@H](OC)C1"
"14128-3","CCC[C@H]1CNCc2c1[nH]c(=O)c(C#N)c2N[C@@H]1CCCC[C@@H]1O"
"2177-1","CCC[C@H]1CNCc2c1[nH]c(=O)c(C#N)c2NCc1cccc(C)n1"
"39497-1","CCC[C@H]1CNCc2c1[nH]c(=O)c(C#N)c2CN(C)C(=O)C1CCC1"
"21641-1","CCC[C@H]1CNCc2c1[nH]c(=O)c(C#N)c2NC(=O)N1CCC1"
"29867-1","CCC[C@H]1CNCc2c1[nH]c(=O)c(C#N)c2N[C@@H]1CC(=O)Nc2ccccc21"
"18795-1","CCC[C@H]1CNCc2c1[nH]c(=O)c(C#N)c2N[C@H](CC)c1nnc(C)o1"
"21323-1","CCC[C@H]1CNCc2c1[nH]c(=O)c(C#N)c2N(C)CCC1CCOCC1"
"21289-1","CCC[C@H]1CNCc2c1[nH]c(=O)c(C#N)c2NCCOc1ccccn1"
"19130-1","CCC[C@H]1CNCc2c1[nH]c(=O)c(C#N)c2CCC1CCN(C(C)=O)CC1"
"42434-1","CCC[C@H]1CNCc2c1[nH]c(=O)c(C#N)c2N(C)C[C@H](O)c1ccccc1"
"7258-2","CCC[C@H]1CNCc2c1[nH]c(=O)c(C#N)c2N[C@@H](CO)Cc1ccccc1"
"4042-1","CCC[C@H]1CNCc2c1[nH]c(=O)c(C#N)c2N(CCO)C(C)C"
"3822-1","CCC[C@H]1CNCc2c1[nH]c(=O)c(C#N)c2NC(=O)C(C)(C)C"
"17917-1","CCC[C@H]1CNCc2c1[nH]c(=O)c(C#N)c2N[C@H](C)CCOC"
"19721-2","CCC[C@H]1CNCc2c1[nH]c(=O)c(C#N)c2N[C@@H](CC(N)=O)Cc1ccccc1"
"12610-1","CCC[C@H]1CNCc2c1[nH]c(=O)c(C#N)c2N(C)CCCCCCO"
"16629-3","CCC[C@H]1CNCc2c1[nH]c(=O)c(C#N)c2NC[C@@H]1CC[C@H](O)C1"
"36093-1","CCC[C@H]1CNCc2c1[nH]c(=O)c(C#N)c2NCCCc1cncc(F)c1"
"40488-1","CCC[C@H]1CNCc2c1[nH]c(=O)c(C#N)c2CCCCCCC(=O)N(C)C"
"24446-1","CCC[C@H]1CNCc2c1[nH]c(=O)c(C#N)c2OCCCCOc1cccc(O)c1"
"36132-1","CCC[C@H]1CNCc2c1[nH]c(=O)c(C#N)c2[C@H](CC(C)C)N1CCOCC1"
"4044-1","CCC[C@H]1CNCc2c1[nH]c(=O)c(C#N)c2N(CCO)C(C)(C)C"
"29605-4","CCC[C@H]1CNCc2c1[nH]c(=O)c(C#N)c2N[C@H]1C[C@@H]1c1cccnc1"
"19001-1","CCC[C@H]1CNCc2c1[nH]c(=O)c(C#N)c2N1CC(N2CC(OC)C2)C1"
"15511-3","CCC[C@H]1CNCc2c1[nH]c(=O)c(C#N)c2N[C@H](C)[C@@H](O)c1ccccc1"
"18796-2","CCC[C@H]1CNCc2c1[nH]c(=O)c(C#N)c2N[C@@H](C)Cc1noc(C)n1"
"19720-2","CCC[C@H]1CNCc2c1[nH]c(=O)c(C#N)c2N[C@@H](C(N)=O)[C@H](C)c1ccccc1"
"18799-2","CCC[C@H]1CNCc2c1[nH]c(=O)c(C#N)c2N[C@@H](C)Cc1nnc(C)o1"
"2168-1","CCC[C@H]1CNCc2c1[nH]c(=O)c(C#N)c2NCc1cccc(C#N)c1"
"23472-3","CCC[C@H]1CNCc2c1[nH]c(=O)c(C#N)c2N[C@H](C)[C@@H](C)CC"
"44645-1","CCC[C@H]1CNCc2c1[nH]c(=O)c(C#N)c2CC[C@H](OC)c1cccc(O)c1"
"37432-1","CCC[C@H]1CNCc2c1[nH]c(=O)c(C#N)c2N1CC(N2CCOC(C)(C)C2)C1"
"19746-2","CCC[C@H]1CNCc2c1[nH]c(=O)c(C#N)c2N[C@@H](C(N)=O)c1ccccc1"
"30432-4","CCC[C@H]1CNCc2c1[nH]c(=O)c(C#N)c2[C@H]1CCCC[C@@]1(C)O"
"41301-1","CCC[C@H]1CNCc2c1[nH]c(=O)c(C#N)c2N(CCO)C1CCCC1"
"15339-1","CCC[C@H]1CNCc2c1[nH]c(=O)c(C#N)c2NCC1(C)CCOCC1"
"38335-1","CCC[C@H]1CNCc2c1[nH]c(=O)c(C#N)c2N[C@H](C)c1ccco1"
"40353-1","CCC[C@H]1CNCc2c1[nH]c(=O)c(C#N)c2NC(=O)[C@H]1CC[C@H](OC)CC1"
"16601-2","CCC[C@H]1CNCc2c1[nH]c(=O)c(C#N)c2N[C@]1(C)CCC[C@H]1CO"
"44916-2","CCC[C@H]1CNCc2c1[nH]c(=O)c(C#N)c2N1CC[C@H](Oc2cccc(O)c2)C1"
"36672-1","CCC[C@H]1CNCc2c1[nH]c(=O)c(C#N)c2N1CCc2nc(C)nc(OC)c2C1"
"17792-1","CCC[C@H]1CNCc2c1[nH]c(=O)c(C#N)c2N[C@H](C)C(=O)NCc1ccccc1"
"2149-1","CCC[C@H]1CNCc2c1[nH]c(=O)c(C#N)c2NCc1nc[nH]c1C(C)C"
"14384-1","CCC[C@H]1CNCc2c1[nH]c(=O)c(C#N)c2NCCCOC(C)C"
"35138-1","CCC[C@H]1CNCc2c1[nH]c(=O)c(C#N)c2NCc1ccc(C(F)F)cn1"
"16278-1","CCC[C@H]1CNCc2c1[nH]c(=O)c(C#N)c2N(C)Cc1ccc(OC)cc1OC"
"44610-2","CCC[C@H]1CNCc2c1[nH]c(=O)c(C#N)c2NC(=O)[C@@H](C)OCC(F)(F)F"
"23048-2","CCC[C@H]1CNCc2c1[nH]c(=O)c(C#N)c2[C@@H](CC(C)C)NC(C)=O"
"42598-2","CCC[C@H]1CNCc2c1[nH]c(=O)c(C#N)c2N[C@@H](C(N)=O)C1CCCCC1"
"41818-1","CCC[C@H]1CNCc2c1[nH]c(=O)c(C#N)c2NC(=O)[C@@H]1CC=CCC1"
"30363-1","CCC[C@H]1CNCc2c1[nH]c(=O)c(C#N)c2CCC1CCN(C(=O)C(C)C)CC1"
"27258-4","CCC[C@H]1CNCc2c1[nH]c(=O)c(C#N)c2N1[C@H](C)CC[C@@H]1[C@H](O)C(F)(F)F"
"35011-1","CCC[C@H]1CNCc2c1[nH]c(=O)c(C#N)c2NCc1cc(CC)no1"
"21121-1","CCC[C@H]1CNCc2c1[nH]c(=O)c(C#N)c2NC(=O)COC1CCCCCC1"
"32763-1","CCC[C@H]1CNCc2c1[nH]c(=O)c(C#N)c2NCc1ccc(CCO)cc1"
"16848-1","CCC[C@H]1CNCc2c1[nH]c(=O)c(C#N)c2NCCC1CCOCC1"
"15472-1","CCC[C@H]1CNCc2c1[nH]c(=O)c(C#N)c2NCc1nc(-c2cccnc2)no1"
"43640-2","CCC[C@H]1CNCc2c1[nH]c(=O)c(C#N)c2N[C@@H](C(=O)NC)C(C)(C)C"
"2682-1","CCC[C@H]1CNCc2c1[nH]c(=O)c(C#N)c2CC1CCN(C(=O)NC(C)C)CC1"
"21950-2","CCC[C@H]1CNCc2c1[nH]c(=O)c(C#N)c2N[C@@H](CC)C(=O)NCC(C)C"
"20217-1","CCC[C@H]1CNCc2c1[nH]c(=O)c(C#N)c2N(C)c1ccc(OC)nc1"
"38285-2","CCC[C@H]1CNCc2c1[nH]c(=O)c(C#N)c2N[C@@H](C)c1ccc(F)cn1"
"17792-2","CCC[C@H]1CNCc2c1[nH]c(=O)c(C#N)c2N[C@@H](C)C(=O)NCc1ccccc1"
"42913-1","CCC[C@H]1CNCc2c1[nH]c(=O)c(C#N)c2N(C)C1CCN(C(=O)CC)CC1"
"30152-1","CCC[C@H]1CNCc2c1[nH]c(=O)c(C#N)c2NCc1ccccc1OC(F)F"
"23017-1","CCC[C@H]1CNCc2c1[nH]c(=O)c(C#N)c2NC(=O)CC1CCOCC1"
"14881-1","CCC[C@H]1CNCc2c1[nH]c(=O)c(C#N)c2N1CC[C@@H](N2CCOCC2)C1"
"30361-1","CCC[C@H]1CNCc2c1[nH]c(=O)c(C#N)c2CCC1CCN(C(=O)C2CC2)CC1"
"35487-1","CCC[C@H]1CNCc2c1[nH]c(=O)c(C#N)c2NCc1cnccc1C(F)(F)F"
"15807-1","CCC[C@H]1CNCc2c1[nH]c(=O)c(C#N)c2NCc1cccc(S(C)(=O)=O)c1"
"21837-1","CCC[C@H](CCOC)Nc1c2c([nH]c(=O)c1C#N)[C@@H](CCC)CNC2"
"42023-1","CCC[C@H]1CNCc2c1[nH]c(=O)c(C#N)c2N(CC)C(C)(C)C"
"3635-2","CCC[C@H]1CNCc2c1[nH]c(=O)c(C#N)c2NC[C@@H](O)c1ccccc1"
"26776-1","CCC[C@H]1CNCc2c1[nH]c(=O)c(C#N)c2NCCCc1cccn1C"
"23295-1","CCC[C@H]1CNCc2c1[nH]c(=O)c(C#N)c2CN(CC1CCCCC1)C(C)=O"
"18799-1","CCC[C@H]1CNCc2c1[nH]c(=O)c(C#N)c2N[C@H](C)Cc1nnc(C)o1"
"19720-4","CCC[C@H]1CNCc2c1[nH]c(=O)c(C#N)c2N[C@@H](C(N)=O)[C@@H](C)c1ccccc1"
"21927-2","CCC[C@H]1CNCc2c1[nH]c(=O)c(C#N)c2NC(=O)N1CC[C@](O)(C(C)C)C1"
"30367-1","CCC[C@H]1CNCc2c1[nH]c(=O)c(C#N)c2CCC1CCN(C(=O)COC)CC1"
"5593-1","CCC[C@H]1CNCc2c1[nH]c(=O)c(C#N)c2CCCC(=O)n1ccnc1"
"44143-1","CCC[C@H]1CNCc2c1[nH]c(=O)c(C#N)c2N(Cc1ccco1)C[C@@H]1CCCO1"
"21327-1","CCC[C@H]1CNCc2c1[nH]c(=O)c(C#N)c2NCc1ccn(CCC)n1"
"45133-1","CCC[C@H]1CNCc2c1[nH]c(=O)c(C#N)c2N[C@H](C)c1ncc(F)cc1F"
"3712-1","CCC[C@H]1CNCc2c1[nH]c(=O)c(C#N)c2N[C@H](Cc1ccccc1)C(N)=O"
"23291-1","CCC[C@H]1CNCc2c1[nH]c(=O)c(C#N)c2CN(Cc1ccccc1)C(C)=O"
"4250-1","CCC[C@H]1CNCc2c1[nH]c(=O)c(C#N)c2NCc1cccc(OC)c1OC"
"18800-2","CCC[C@H]1CNCc2c1[nH]c(=O)c(C#N)c2N[C@@H](C)Cc1nc(C)no1"
"8273-2","CCC[C@H]1CNCc2c1[nH]c(=O)c(C#N)c2NC(=O)[C@H]1CCCOC1"
"19727-2","CCC[C@H]1CNCc2c1[nH]c(=O)c(C#N)c2N[C@@H](Cc1ccccc1)C(=O)NC"
"44073-1","CCC[C@H]1CNCc2c1[nH]c(=O)c(C#N)c2NCc1ncccc1C(F)(F)F"
"3839-1","CCC[C@H]1CNCc2c1[nH]c(=O)c(C#N)c2N[C@H](CC(C)C)C(=O)N(C)C"
"42554-1","CCCC(=O)N[C@@H]1CCN(c2c3c([nH]c(=O)c2C#N)[C@@H](CCC)CNC3)C1"
"24106-1","CCC[C@H]1CNCc2c1[nH]c(=O)c(C#N)c2NC(=O)N1CCC[C@@H](CO)C1"
"25922-1","CCC[C@H]1CNCc2c1[nH]c(=O)c(C#N)c2NCCOc1ccccc1OC"
"3867-2","CCC[C@H]1CNCc2c1[nH]c(=O)c(C#N)c2NCc1cccc(N(C)C)n1"
"30164-1","CCC[C@H]1CNCc2c1[nH]c(=O)c(C#N)c2N(C)Cc1cccc(OC)c1OC"
"19652-1","CCC[C@H]1CNCc2c1[nH]c(=O)c(C#N)c2Nc1cc(C)n(C)n1"
"41818-2","CCC[C@H]1CNCc2c1[nH]c(=O)c(C#N)c2NC(=O)[C@H]1CC=CCC1"
"3712-2","CCC[C@H]1CNCc2c1[nH]c(=O)c(C#N)c2N[C@@H](Cc1ccccc1)C(N)=O"
"16359-2","CCC[C@H]1CNCc2c1[nH]c(=O)c(C#N)c2N[C@@H](C#N)c1ccccc1"
"44002-1","CCC[C@H]1CNCc2c1[nH]c(=O)c(C#N)c2N(C)[C@H](C)[C@H](O)c1ccccc1"
"15707-1","CCCC(=O)N1CCC(CNc2c3c([nH]c(=O)c2C#N)[C@@H](CCC)CNC3)CC1"
"24106-2","CCC[C@H]1CNCc2c1[nH]c(=O)c(C#N)c2NC(=O)N1CCC[C@H](CO)C1"
"29605-2","CCC[C@H]1CNCc2c1[nH]c(=O)c(C#N)c2N[C@H]1C[C@H]1c1cccnc1"
"19285-2","CCC[C@H]1CNCc2c1[nH]c(=O)c(C#N)c2N1CCN(C[C@H]2CCCO2)CC1"
"19727-1","CCC[C@H]1CNCc2c1[nH]c(=O)c(C#N)c2N[C@H](Cc1ccccc1)C(=O)NC"
"1679-1","CCC[C@H]1CNCc2c1[nH]c(=O)c(C#N)c2NCc1ccc(OC)c(OC)c1"
"36078-1","CCC[C@H]1CNCc2c1[nH]c(=O)c(C#N)c2NC(=O)N1C[C@@H]2[C@@H](CO)[C@@H]2C1"
"40866-1","CCC[C@H]1CNCc2c1[nH]c(=O)c(C#N)c2N[C@H](C)c1ccccc1OC"
"4266-1","CCC[C@H]1CNCc2c1[nH]c(=O)c(C#N)c2NCc1c(OC)cccc1OC"
"19737-1","CCC[C@H]1CNCc2c1[nH]c(=O)c(C#N)c2N[C@H](CC1CCCCC1)C(N)=O"
"10504-3","CCC[C@H]1CNCc2c1[nH]c(=O)c(C#N)c2[C@H](C)NC(=O)[C@H]1C[C@H]1C"
"15665-1","CCC[C@H]1CNCc2c1[nH]c(=O)c(C#N)c2NCC1CCN(C(=O)CC)CC1"
"12276-1","CCC[C@H]1CNCc2c1[nH]c(=O)c(C#N)c2NCc1nc(-c2ccncc2)no1"
"40957-2","CCC[C@H]1CNCc2c1[nH]c(=O)c(C#N)c2N(C)[C@@H](Cc1ccccc1)C(N)=O"
"16290-1","CCC[C@H]1CNCc2c1[nH]c(=O)c(C#N)c2N(CC)C(=O)c1ccno1"
"17301-1","CCC[C@H]1CNCc2c1[nH]c(=O)c(C#N)c2NC(=O)N1CCC(COC)CC1"
"44212-1","CCC[C@H]1CNCc2c1[nH]c(=O)c(C#N)c2N(CCOC)Cc1ccccn1"
"29611-1","CCC[C@H]1CNCc2c1[nH]c(=O)c(C#N)c2NC(C)(C)c1nnnn1C"
"2142-1","CCC[C@H]1CNCc2c1[nH]c(=O)c(C#N)c2N[C@H](C)c1ccccn1"
"38285-1","CCC[C@H]1CNCc2c1[nH]c(=O)c(C#N)c2N[C@H](C)c1ccc(F)cn1"
"37985-1","CCCc1nn(C)c(C(N)=O)c1Nc1c2c([nH]c(=O)c1C#N)[C@@H](CCC)CNC2"
"29867-2","CCC[C@H]1CNCc2c1[nH]c(=O)c(C#N)c2N[C@H]1CC(=O)Nc2ccccc21"
"40353-2","CCC[C@H]1CNCc2c1[nH]c(=O)c(C#N)c2NC(=O)[C@H]1CC[C@@H](OC)CC1"
"27609-1","CCC[C@H]1CNCc2c1[nH]c(=O)c(C#N)c2N[C@H](C(=O)NC)c1ccccc1"
"35139-1","CCC[C@H]1CNCc2c1[nH]c(=O)c(C#N)c2NCc1nccc(N(C)C)n1"
"24950-2","CCC[C@H]1CNCc2c1[nH]c(=O)c(C#N)c2NCC1C[C@H](C)O[C@@H](C)C1"
"43197-1","CCC[C@H]1CNCc2c1[nH]c(=O)c(C#N)c2NCCOCc1ccccc1"
"19721-1","CCC[C@H]1CNCc2c1[nH]c(=O)c(C#N)c2N[C@H](CC(N)=O)Cc1ccccc1"
"37436-1","CCC[C@H]1CNCc2c1[nH]c(=O)c(C#N)c2N1CC(N2CCC(F)CC2)C1"
"13879-1","CCC[C@H]1CNCc2c1[nH]c(=O)c(C#N)c2NCc1ccc(S(C)(=O)=O)cc1"
"33224-1","CCC[C@H]1CNCc2c1[nH]c(=O)c(C#N)c2NCC(=O)N1[C@@H]2CCC[C@H]1CC2"
"40957-1","CCC[C@H]1CNCc2c1[nH]c(=O)c(C#N)c2N(C)[C@H](Cc1ccccc1)C(N)=O"
"37433-1","CCC[C@H]1CNCc2c1[nH]c(=O)c(C#N)c2N1CC(N2CCC(F)(F)CC2)C1"
"27579-1","CCC[C@H]1CNCc2c1[nH]c(=O)c(C#N)c2N(CCC#N)C[C@@H]1CCCO1"
"34834-1","CCC[C@H]1CNCc2c1[nH]c(=O)c(C#N)c2N1CC(N2CCCOCC2)C1"
"19720-1","CCC[C@H]1CNCc2c1[nH]c(=O)c(C#N)c2N[C@H](C(N)=O)[C@H](C)c1ccccc1"
"19720-3","CCC[C@H]1CNCc2c1[nH]c(=O)c(C#N)c2N[C@H](C(N)=O)[C@@H](C)c1ccccc1"
